,Div,Date,HomeTeam,AwayTeam,FTHG,FTAG,FTR,Unnamed: 7,Unnamed: 8,Unnamed: 9,Unnamed: 10,Unnamed: 11,Unnamed: 12,Unnamed: 13,Unnamed: 14,Unnamed: 15,Unnamed: 16,Unnamed: 17,Unnamed: 18,Unnamed: 19,Unnamed: 20,Unnamed: 21,Unnamed: 22,Unnamed: 23,Unnamed: 24,Unnamed: 25,Unnamed: 26,Unnamed: 27,season
0,D1,19/08/94,Leverkusen,Kaiserslautern,0.0,1.0,A,,,,,,,,,,,,,,,,,,,,,,S_1994_1995
1,D1,19/08/94,Schalke 04,M'gladbach,1.0,1.0,D,,,,,,,,,,,,,,,,,,,,,,S_1994_1995
2,D1,19/08/94,Stuttgart,Hamburg,2.0,1.0,H,,,,,,,,,,,,,,,,,,,,,,S_1994_1995
3,D1,20/08/94,Bayern Munich,Bochum,3.0,1.0,H,,,,,,,,,,,,,,,,,,,,,,S_1994_1995
4,D1,20/08/94,Dortmund,Munich 1860,4.0,0.0,H,,,,,,,,,,,,,,,,,,,,,,S_1994_1995
5,D1,20/08/94,Dresden,Werder Bremen,1.0,1.0,D,,,,,,,,,,,,,,,,,,,,,,S_1994_1995
6,D1,20/08/94,Ein Frankfurt,FC Koln,0.0,0.0,D,,,,,,,,,,,,,,,,,,,,,,S_1994_1995
7,D1,20/08/94,Karlsruhe,Freiburg,2.0,0.0,H,,,,,,,,,,,,,,,,,,,,,,S_1994_1995
8,D1,20/08/94,Uerdingen,Duisburg,1.0,1.0,D,,,,,,,,,,,,,,,,,,,,,,S_1994_1995
9,D1,23/08/94,Bochum,Dresden,2.0,0.0,H,,,,,,,,,,,,,,,,,,,,,,S_1994_1995
10,D1,23/08/94,FC Koln,Dortmund,1.0,6.0,A,,,,,,,,,,,,,,,,,,,,,,S_1994_1995
11,D1,23/08/94,Freiburg,Bayern Munich,5.0,1.0,H,,,,,,,,,,,,,,,,,,,,,,S_1994_1995
12,D1,23/08/94,Kaiserslautern,Ein Frankfurt,1.0,1.0,D,,,,,,,,,,,,,,,,,,,,,,S_1994_1995
13,D1,23/08/94,Munich 1860,Stuttgart,0.0,2.0,A,,,,,,,,,,,,,,,,,,,,,,S_1994_1995
14,D1,24/08/94,Duisburg,Schalke 04,2.0,2.0,D,,,,,,,,,,,,,,,,,,,,,,S_1994_1995
15,D1,24/08/94,Hamburg,Uerdingen,0.0,0.0,D,,,,,,,,,,,,,,,,,,,,,,S_1994_1995
16,D1,24/08/94,M'gladbach,Karlsruhe,2.0,2.0,D,,,,,,,,,,,,,,,,,,,,,,S_1994_1995
17,D1,24/08/94,Werder Bremen,Leverkusen,3.0,2.0,H,,,,,,,,,,,,,,,,,,,,,,S_1994_1995
18,D1,26/08/94,Dortmund,Kaiserslautern,2.0,1.0,H,,,,,,,,,,,,,,,,,,,,,,S_1994_1995
19,D1,26/08/94,Dresden,Freiburg,1.0,3.0,A,,,,,,,,,,,,,,,,,,,,,,S_1994_1995
20,D1,27/08/94,Bayern Munich,M'gladbach,3.0,0.0,H,,,,,,,,,,,,,,,,,,,,,,S_1994_1995
21,D1,27/08/94,Karlsruhe,Duisburg,4.0,1.0,H,,,,,,,,,,,,,,,,,,,,,,S_1994_1995
22,D1,27/08/94,Schalke 04,Hamburg,0.0,1.0,A,,,,,,,,,,,,,,,,,,,,,,S_1994_1995
23,D1,27/08/94,Stuttgart,FC Koln,2.0,2.0,D,,,,,,,,,,,,,,,,,,,,,,S_1994_1995
24,D1,27/08/94,Uerdingen,Munich 1860,1.0,1.0,D,,,,,,,,,,,,,,,,,,,,,,S_1994_1995
25,D1,27/08/94,Werder Bremen,Bochum,3.0,0.0,H,,,,,,,,,,,,,,,,,,,,,,S_1994_1995
26,D1,28/08/94,Leverkusen,Ein Frankfurt,4.0,0.0,H,,,,,,,,,,,,,,,,,,,,,,S_1994_1995
27,D1,02/09/94,Duisburg,Bayern Munich,0.0,3.0,A,,,,,,,,,,,,,,,,,,,,,,S_1994_1995
28,D1,02/09/94,Freiburg,Werder Bremen,1.0,3.0,A,,,,,,,,,,,,,,,,,,,,,,S_1994_1995
29,D1,02/09/94,M'gladbach,Dresden,2.0,0.0,H,,,,,,,,,,,,,,,,,,,,,,S_1994_1995
30,D1,03/09/94,Bochum,Leverkusen,1.0,3.0,A,,,,,,,,,,,,,,,,,,,,,,S_1994_1995
31,D1,03/09/94,Ein Frankfurt,Dortmund,4.0,1.0,H,,,,,,,,,,,,,,,,,,,,,,S_1994_1995
32,D1,03/09/94,FC Koln,Uerdingen,2.0,0.0,H,,,,,,,,,,,,,,,,,,,,,,S_1994_1995
33,D1,03/09/94,Hamburg,Karlsruhe,3.0,1.0,H,,,,,,,,,,,,,,,,,,,,,,S_1994_1995
34,D1,03/09/94,Kaiserslautern,Stuttgart,3.0,2.0,H,,,,,,,,,,,,,,,,,,,,,,S_1994_1995
35,D1,03/09/94,Munich 1860,Schalke 04,0.0,1.0,A,,,,,,,,,,,,,,,,,,,,,,S_1994_1995
36,D1,17/09/94,Bayern Munich,Hamburg,1.0,1.0,D,,,,,,,,,,,,,,,,,,,,,,S_1994_1995
37,D1,17/09/94,Bochum,Freiburg,1.0,3.0,A,,,,,,,,,,,,,,,,,,,,,,S_1994_1995
38,D1,17/09/94,Dresden,Duisburg,4.0,2.0,H,,,,,,,,,,,,,,,,,,,,,,S_1994_1995
39,D1,17/09/94,Karlsruhe,Munich 1860,3.0,1.0,H,,,,,,,,,,,,,,,,,,,,,,S_1994_1995
40,D1,17/09/94,Leverkusen,Dortmund,2.0,2.0,D,,,,,,,,,,,,,,,,,,,,,,S_1994_1995
41,D1,17/09/94,Schalke 04,FC Koln,3.0,1.0,H,,,,,,,,,,,,,,,,,,,,,,S_1994_1995
42,D1,17/09/94,Stuttgart,Ein Frankfurt,4.0,1.0,H,,,,,,,,,,,,,,,,,,,,,,S_1994_1995
43,D1,17/09/94,Uerdingen,Kaiserslautern,1.0,3.0,A,,,,,,,,,,,,,,,,,,,,,,S_1994_1995
44,D1,17/09/94,Werder Bremen,M'gladbach,1.0,0.0,H,,,,,,,,,,,,,,,,,,,,,,S_1994_1995
45,D1,21/09/94,Munich 1860,Bayern Munich,1.0,3.0,A,,,,,,,,,,,,,,,,,,,,,,S_1994_1995
46,D1,23/09/94,Ein Frankfurt,Uerdingen,0.0,3.0,A,,,,,,,,,,,,,,,,,,,,,,S_1994_1995
47,D1,23/09/94,FC Koln,Karlsruhe,3.0,4.0,A,,,,,,,,,,,,,,,,,,,,,,S_1994_1995
48,D1,24/09/94,Dortmund,Stuttgart,5.0,0.0,H,,,,,,,,,,,,,,,,,,,,,,S_1994_1995
49,D1,24/09/94,Duisburg,Werder Bremen,0.0,2.0,A,,,,,,,,,,,,,,,,,,,,,,S_1994_1995
50,D1,24/09/94,Freiburg,Leverkusen,1.0,1.0,D,,,,,,,,,,,,,,,,,,,,,,S_1994_1995
51,D1,24/09/94,Hamburg,Dresden,2.0,1.0,H,,,,,,,,,,,,,,,,,,,,,,S_1994_1995
52,D1,24/09/94,Kaiserslautern,Schalke 04,3.0,1.0,H,,,,,,,,,,,,,,,,,,,,,,S_1994_1995
53,D1,24/09/94,M'gladbach,Bochum,7.0,1.0,H,,,,,,,,,,,,,,,,,,,,,,S_1994_1995
54,D1,30/09/94,Bochum,Duisburg,1.0,0.0,H,,,,,,,,,,,,,,,,,,,,,,S_1994_1995
55,D1,30/09/94,Dresden,Munich 1860,1.0,1.0,D,,,,,,,,,,,,,,,,,,,,,,S_1994_1995
56,D1,01/10/94,Bayern Munich,FC Koln,2.0,2.0,D,,,,,,,,,,,,,,,,,,,,,,S_1994_1995
57,D1,01/10/94,Karlsruhe,Kaiserslautern,3.0,3.0,D,,,,,,,,,,,,,,,,,,,,,,S_1994_1995
58,D1,01/10/94,Leverkusen,Stuttgart,3.0,1.0,H,,,,,,,,,,,,,,,,,,,,,,S_1994_1995
59,D1,01/10/94,Schalke 04,Ein Frankfurt,0.0,0.0,D,,,,,,,,,,,,,,,,,,,,,,S_1994_1995
60,D1,01/10/94,Uerdingen,Dortmund,0.0,2.0,A,,,,,,,,,,,,,,,,,,,,,,S_1994_1995
61,D1,02/10/94,Freiburg,M'gladbach,1.0,1.0,D,,,,,,,,,,,,,,,,,,,,,,S_1994_1995
62,D1,05/10/94,Kaiserslautern,Bayern Munich,1.0,1.0,D,,,,,,,,,,,,,,,,,,,,,,S_1994_1995
63,D1,06/10/94,Werder Bremen,Hamburg,1.0,4.0,A,,,,,,,,,,,,,,,,,,,,,,S_1994_1995
64,D1,08/10/94,Dortmund,Schalke 04,3.0,2.0,H,,,,,,,,,,,,,,,,,,,,,,S_1994_1995
65,D1,08/10/94,Duisburg,Freiburg,1.0,2.0,A,,,,,,,,,,,,,,,,,,,,,,S_1994_1995
66,D1,08/10/94,Ein Frankfurt,Karlsruhe,1.0,0.0,H,,,,,,,,,,,,,,,,,,,,,,S_1994_1995
67,D1,08/10/94,FC Koln,Dresden,1.0,2.0,A,,,,,,,,,,,,,,,,,,,,,,S_1994_1995
68,D1,08/10/94,Hamburg,Bochum,3.0,1.0,H,,,,,,,,,,,,,,,,,,,,,,S_1994_1995
69,D1,08/10/94,M'gladbach,Leverkusen,3.0,3.0,D,,,,,,,,,,,,,,,,,,,,,,S_1994_1995
70,D1,08/10/94,Munich 1860,Werder Bremen,1.0,2.0,A,,,,,,,,,,,,,,,,,,,,,,S_1994_1995
71,D1,08/10/94,Stuttgart,Uerdingen,3.0,1.0,H,,,,,,,,,,,,,,,,,,,,,,S_1994_1995
72,D1,15/10/94,Bayern Munich,Ein Frankfurt,3.0,3.0,D,,,,,,,,,,,,,,,,,,,,,,S_1994_1995
73,D1,15/10/94,Bochum,Munich 1860,2.0,2.0,D,,,,,,,,,,,,,,,,,,,,,,S_1994_1995
74,D1,15/10/94,Dresden,Kaiserslautern,1.0,0.0,H,,,,,,,,,,,,,,,,,,,,,,S_1994_1995
75,D1,15/10/94,Freiburg,Hamburg,3.0,0.0,H,,,,,,,,,,,,,,,,,,,,,,S_1994_1995
76,D1,15/10/94,Karlsruhe,Dortmund,0.0,0.0,D,,,,,,,,,,,,,,,,,,,,,,S_1994_1995
77,D1,15/10/94,Leverkusen,Uerdingen,1.0,1.0,D,,,,,,,,,,,,,,,,,,,,,,S_1994_1995
78,D1,15/10/94,M'gladbach,Duisburg,1.0,0.0,H,,,,,,,,,,,,,,,,,,,,,,S_1994_1995
79,D1,15/10/94,Schalke 04,Stuttgart,1.0,1.0,D,,,,,,,,,,,,,,,,,,,,,,S_1994_1995
80,D1,15/10/94,Werder Bremen,FC Koln,2.0,2.0,D,,,,,,,,,,,,,,,,,,,,,,S_1994_1995
81,D1,22/10/94,Dortmund,Bayern Munich,1.0,0.0,H,,,,,,,,,,,,,,,,,,,,,,S_1994_1995
82,D1,22/10/94,Duisburg,Leverkusen,0.0,2.0,A,,,,,,,,,,,,,,,,,,,,,,S_1994_1995
83,D1,22/10/94,Ein Frankfurt,Dresden,2.0,0.0,H,,,,,,,,,,,,,,,,,,,,,,S_1994_1995
84,D1,22/10/94,FC Koln,Bochum,2.0,1.0,H,,,,,,,,,,,,,,,,,,,,,,S_1994_1995
85,D1,22/10/94,Hamburg,M'gladbach,1.0,2.0,A,,,,,,,,,,,,,,,,,,,,,,S_1994_1995
86,D1,22/10/94,Munich 1860,Freiburg,4.0,0.0,H,,,,,,,,,,,,,,,,,,,,,,S_1994_1995
87,D1,22/10/94,Stuttgart,Karlsruhe,4.0,0.0,H,,,,,,,,,,,,,,,,,,,,,,S_1994_1995
88,D1,22/10/94,Uerdingen,Schalke 04,1.0,1.0,D,,,,,,,,,,,,,,,,,,,,,,S_1994_1995
89,D1,23/10/94,Kaiserslautern,Werder Bremen,1.0,1.0,D,,,,,,,,,,,,,,,,,,,,,,S_1994_1995
90,D1,28/10/94,Bochum,Kaiserslautern,0.0,2.0,A,,,,,,,,,,,,,,,,,,,,,,S_1994_1995
91,D1,29/10/94,Bayern Munich,Stuttgart,2.0,2.0,D,,,,,,,,,,,,,,,,,,,,,,S_1994_1995
92,D1,29/10/94,Dresden,Dortmund,0.0,1.0,A,,,,,,,,,,,,,,,,,,,,,,S_1994_1995
93,D1,29/10/94,Freiburg,FC Koln,4.0,2.0,H,,,,,,,,,,,,,,,,,,,,,,S_1994_1995
94,D1,29/10/94,Karlsruhe,Uerdingen,2.0,1.0,H,,,,,,,,,,,,,,,,,,,,,,S_1994_1995
95,D1,29/10/94,Leverkusen,Schalke 04,2.0,2.0,D,,,,,,,,,,,,,,,,,,,,,,S_1994_1995
96,D1,29/10/94,M'gladbach,Munich 1860,2.0,0.0,H,,,,,,,,,,,,,,,,,,,,,,S_1994_1995
97,D1,29/10/94,Werder Bremen,Ein Frankfurt,2.0,0.0,H,,,,,,,,,,,,,,,,,,,,,,S_1994_1995
98,D1,30/10/94,Duisburg,Hamburg,0.0,5.0,A,,,,,,,,,,,,,,,,,,,,,,S_1994_1995
99,D1,04/11/94,Schalke 04,Karlsruhe,0.0,0.0,D,,,,,,,,,,,,,,,,,,,,,,S_1994_1995
100,D1,04/11/94,Stuttgart,Dresden,4.0,2.0,H,,,,,,,,,,,,,,,,,,,,,,S_1994_1995
101,D1,05/11/94,Ein Frankfurt,Bochum,2.0,1.0,H,,,,,,,,,,,,,,,,,,,,,,S_1994_1995
102,D1,05/11/94,FC Koln,M'gladbach,1.0,3.0,A,,,,,,,,,,,,,,,,,,,,,,S_1994_1995
103,D1,05/11/94,Hamburg,Leverkusen,1.0,2.0,A,,,,,,,,,,,,,,,,,,,,,,S_1994_1995
104,D1,05/11/94,Kaiserslautern,Freiburg,3.0,2.0,H,,,,,,,,,,,,,,,,,,,,,,S_1994_1995
105,D1,05/11/94,Munich 1860,Duisburg,1.0,1.0,D,,,,,,,,,,,,,,,,,,,,,,S_1994_1995
106,D1,05/11/94,Uerdingen,Bayern Munich,1.0,1.0,D,,,,,,,,,,,,,,,,,,,,,,S_1994_1995
107,D1,06/11/94,Dortmund,Werder Bremen,2.0,0.0,H,,,,,,,,,,,,,,,,,,,,,,S_1994_1995
108,D1,11/11/94,Bochum,Dortmund,0.0,2.0,A,,,,,,,,,,,,,,,,,,,,,,S_1994_1995
109,D1,11/11/94,M'gladbach,Kaiserslautern,4.0,0.0,H,,,,,,,,,,,,,,,,,,,,,,S_1994_1995
110,D1,12/11/94,Bayern Munich,Schalke 04,2.0,0.0,H,,,,,,,,,,,,,,,,,,,,,,S_1994_1995
111,D1,12/11/94,Dresden,Uerdingen,1.0,2.0,A,,,,,,,,,,,,,,,,,,,,,,S_1994_1995
112,D1,12/11/94,Duisburg,FC Koln,1.0,3.0,A,,,,,,,,,,,,,,,,,,,,,,S_1994_1995
113,D1,12/11/94,Freiburg,Ein Frankfurt,2.0,0.0,H,,,,,,,,,,,,,,,,,,,,,,S_1994_1995
114,D1,12/11/94,Leverkusen,Karlsruhe,0.0,0.0,D,,,,,,,,,,,,,,,,,,,,,,S_1994_1995
115,D1,12/11/94,Werder Bremen,Stuttgart,4.0,0.0,H,,,,,,,,,,,,,,,,,,,,,,S_1994_1995
116,D1,13/11/94,Hamburg,Munich 1860,3.0,0.0,H,,,,,,,,,,,,,,,,,,,,,,S_1994_1995
117,D1,18/11/94,FC Koln,Hamburg,1.0,1.0,D,,,,,,,,,,,,,,,,,,,,,,S_1994_1995
118,D1,18/11/94,Schalke 04,Dresden,4.0,0.0,H,,,,,,,,,,,,,,,,,,,,,,S_1994_1995
119,D1,19/11/94,Dortmund,Freiburg,1.0,1.0,D,,,,,,,,,,,,,,,,,,,,,,S_1994_1995
120,D1,19/11/94,Ein Frankfurt,M'gladbach,2.0,1.0,H,,,,,,,,,,,,,,,,,,,,,,S_1994_1995
121,D1,19/11/94,Kaiserslautern,Duisburg,1.0,0.0,H,,,,,,,,,,,,,,,,,,,,,,S_1994_1995
122,D1,19/11/94,Karlsruhe,Bayern Munich,2.0,2.0,D,,,,,,,,,,,,,,,,,,,,,,S_1994_1995
123,D1,19/11/94,Munich 1860,Leverkusen,1.0,1.0,D,,,,,,,,,,,,,,,,,,,,,,S_1994_1995
124,D1,19/11/94,Stuttgart,Bochum,2.0,2.0,D,,,,,,,,,,,,,,,,,,,,,,S_1994_1995
125,D1,19/11/94,Uerdingen,Werder Bremen,1.0,3.0,A,,,,,,,,,,,,,,,,,,,,,,S_1994_1995
126,D1,25/11/94,Bochum,Uerdingen,2.0,1.0,H,,,,,,,,,,,,,,,,,,,,,,S_1994_1995
127,D1,25/11/94,Werder Bremen,Schalke 04,2.0,1.0,H,,,,,,,,,,,,,,,,,,,,,,S_1994_1995
128,D1,26/11/94,Bayern Munich,Leverkusen,2.0,1.0,H,,,,,,,,,,,,,,,,,,,,,,S_1994_1995
129,D1,26/11/94,Dresden,Karlsruhe,1.0,1.0,D,,,,,,,,,,,,,,,,,,,,,,S_1994_1995
130,D1,26/11/94,FC Koln,Munich 1860,2.0,1.0,H,,,,,,,,,,,,,,,,,,,,,,S_1994_1995
131,D1,26/11/94,Freiburg,Stuttgart,2.0,0.0,H,,,,,,,,,,,,,,,,,,,,,,S_1994_1995
132,D1,26/11/94,Hamburg,Kaiserslautern,0.0,0.0,D,,,,,,,,,,,,,,,,,,,,,,S_1994_1995
133,D1,26/11/94,M'gladbach,Dortmund,3.0,3.0,D,,,,,,,,,,,,,,,,,,,,,,S_1994_1995
134,D1,27/11/94,Duisburg,Ein Frankfurt,1.0,0.0,H,,,,,,,,,,,,,,,,,,,,,,S_1994_1995
135,D1,29/11/94,Bochum,Karlsruhe,0.0,1.0,A,,,,,,,,,,,,,,,,,,,,,,S_1994_1995
136,D1,29/11/94,FC Koln,Kaiserslautern,0.0,1.0,A,,,,,,,,,,,,,,,,,,,,,,S_1994_1995
137,D1,29/11/94,M'gladbach,Uerdingen,1.0,0.0,H,,,,,,,,,,,,,,,,,,,,,,S_1994_1995
138,D1,02/12/94,Kaiserslautern,Munich 1860,1.0,1.0,D,,,,,,,,,,,,,,,,,,,,,,S_1994_1995
139,D1,03/12/94,Bayern Munich,Dresden,2.0,1.0,H,,,,,,,,,,,,,,,,,,,,,,S_1994_1995
140,D1,03/12/94,Dortmund,Duisburg,1.0,0.0,H,,,,,,,,,,,,,,,,,,,,,,S_1994_1995
141,D1,03/12/94,Ein Frankfurt,Hamburg,2.0,0.0,H,,,,,,,,,,,,,,,,,,,,,,S_1994_1995
142,D1,03/12/94,Karlsruhe,Werder Bremen,3.0,1.0,H,,,,,,,,,,,,,,,,,,,,,,S_1994_1995
143,D1,03/12/94,Leverkusen,FC Koln,3.0,1.0,H,,,,,,,,,,,,,,,,,,,,,,S_1994_1995
144,D1,03/12/94,Schalke 04,Bochum,3.0,2.0,H,,,,,,,,,,,,,,,,,,,,,,S_1994_1995
145,D1,03/12/94,Stuttgart,M'gladbach,2.0,4.0,A,,,,,,,,,,,,,,,,,,,,,,S_1994_1995
146,D1,03/12/94,Uerdingen,Freiburg,0.0,2.0,A,,,,,,,,,,,,,,,,,,,,,,S_1994_1995
147,D1,10/12/94,Dresden,Leverkusen,1.0,1.0,D,,,,,,,,,,,,,,,,,,,,,,S_1994_1995
148,D1,10/12/94,Duisburg,Stuttgart,2.0,0.0,H,,,,,,,,,,,,,,,,,,,,,,S_1994_1995
149,D1,10/12/94,Freiburg,Schalke 04,3.0,0.0,H,,,,,,,,,,,,,,,,,,,,,,S_1994_1995
150,D1,10/12/94,Hamburg,Dortmund,0.0,4.0,A,,,,,,,,,,,,,,,,,,,,,,S_1994_1995
151,D1,10/12/94,Munich 1860,Ein Frankfurt,2.0,1.0,H,,,,,,,,,,,,,,,,,,,,,,S_1994_1995
152,D1,10/12/94,Werder Bremen,Bayern Munich,0.0,0.0,D,,,,,,,,,,,,,,,,,,,,,,S_1994_1995
153,D1,17/02/95,Duisburg,Uerdingen,2.0,0.0,H,,,,,,,,,,,,,,,,,,,,,,S_1994_1995
154,D1,17/02/95,FC Koln,Ein Frankfurt,3.0,0.0,H,,,,,,,,,,,,,,,,,,,,,,S_1994_1995
155,D1,17/02/95,Freiburg,Karlsruhe,2.0,1.0,H,,,,,,,,,,,,,,,,,,,,,,S_1994_1995
156,D1,18/02/95,Bochum,Bayern Munich,1.0,2.0,A,,,,,,,,,,,,,,,,,,,,,,S_1994_1995
157,D1,18/02/95,Hamburg,Stuttgart,0.0,2.0,A,,,,,,,,,,,,,,,,,,,,,,S_1994_1995
158,D1,18/02/95,Kaiserslautern,Leverkusen,1.0,0.0,H,,,,,,,,,,,,,,,,,,,,,,S_1994_1995
159,D1,18/02/95,M'gladbach,Schalke 04,0.0,1.0,A,,,,,,,,,,,,,,,,,,,,,,S_1994_1995
160,D1,18/02/95,Munich 1860,Dortmund,1.0,5.0,A,,,,,,,,,,,,,,,,,,,,,,S_1994_1995
161,D1,18/02/95,Werder Bremen,Dresden,1.0,0.0,H,,,,,,,,,,,,,,,,,,,,,,S_1994_1995
162,D1,25/02/95,Bayern Munich,Freiburg,2.0,2.0,D,,,,,,,,,,,,,,,,,,,,,,S_1994_1995
163,D1,25/02/95,Dortmund,FC Koln,2.0,1.0,H,,,,,,,,,,,,,,,,,,,,,,S_1994_1995
164,D1,25/02/95,Dresden,Bochum,0.0,2.0,A,,,,,,,,,,,,,,,,,,,,,,S_1994_1995
165,D1,25/02/95,Ein Frankfurt,Kaiserslautern,1.0,3.0,A,,,,,,,,,,,,,,,,,,,,,,S_1994_1995
166,D1,25/02/95,Leverkusen,Werder Bremen,1.0,2.0,A,,,,,,,,,,,,,,,,,,,,,,S_1994_1995
167,D1,25/02/95,Schalke 04,Duisburg,0.0,0.0,D,,,,,,,,,,,,,,,,,,,,,,S_1994_1995
168,D1,25/02/95,Stuttgart,Munich 1860,1.0,1.0,D,,,,,,,,,,,,,,,,,,,,,,S_1994_1995
169,D1,25/02/95,Uerdingen,Hamburg,4.0,1.0,H,,,,,,,,,,,,,,,,,,,,,,S_1994_1995
170,D1,26/02/95,Karlsruhe,M'gladbach,2.0,4.0,A,,,,,,,,,,,,,,,,,,,,,,S_1994_1995
171,D1,04/03/95,Bochum,Werder Bremen,1.0,3.0,A,,,,,,,,,,,,,,,,,,,,,,S_1994_1995
172,D1,04/03/95,Duisburg,Karlsruhe,0.0,0.0,D,,,,,,,,,,,,,,,,,,,,,,S_1994_1995
173,D1,04/03/95,Ein Frankfurt,Leverkusen,2.0,0.0,H,,,,,,,,,,,,,,,,,,,,,,S_1994_1995
174,D1,04/03/95,Freiburg,Dresden,3.0,1.0,H,,,,,,,,,,,,,,,,,,,,,,S_1994_1995
175,D1,04/03/95,Hamburg,Schalke 04,3.0,0.0,H,,,,,,,,,,,,,,,,,,,,,,S_1994_1995
176,D1,04/03/95,Kaiserslautern,Dortmund,1.0,0.0,H,,,,,,,,,,,,,,,,,,,,,,S_1994_1995
177,D1,04/03/95,M'gladbach,Bayern Munich,2.0,2.0,D,,,,,,,,,,,,,,,,,,,,,,S_1994_1995
178,D1,05/03/95,FC Koln,Stuttgart,1.0,0.0,H,,,,,,,,,,,,,,,,,,,,,,S_1994_1995
179,D1,10/03/95,Bayern Munich,Duisburg,1.0,1.0,D,,,,,,,,,,,,,,,,,,,,,,S_1994_1995
180,D1,10/03/95,Werder Bremen,Freiburg,5.0,1.0,H,,,,,,,,,,,,,,,,,,,,,,S_1994_1995
181,D1,11/03/95,Dortmund,Ein Frankfurt,1.0,1.0,D,,,,,,,,,,,,,,,,,,,,,,S_1994_1995
182,D1,11/03/95,Dresden,M'gladbach,0.0,3.0,A,,,,,,,,,,,,,,,,,,,,,,S_1994_1995
183,D1,11/03/95,Karlsruhe,Hamburg,2.0,0.0,H,,,,,,,,,,,,,,,,,,,,,,S_1994_1995
184,D1,11/03/95,Leverkusen,Bochum,1.0,3.0,A,,,,,,,,,,,,,,,,,,,,,,S_1994_1995
185,D1,11/03/95,Stuttgart,Kaiserslautern,2.0,2.0,D,,,,,,,,,,,,,,,,,,,,,,S_1994_1995
186,D1,11/03/95,Uerdingen,FC Koln,0.0,0.0,D,,,,,,,,,,,,,,,,,,,,,,S_1994_1995
187,D1,12/03/95,Schalke 04,Munich 1860,6.0,2.0,H,,,,,,,,,,,,,,,,,,,,,,S_1994_1995
188,D1,17/03/95,Kaiserslautern,Uerdingen,1.0,1.0,D,,,,,,,,,,,,,,,,,,,,,,S_1994_1995
189,D1,17/03/95,M'gladbach,Werder Bremen,2.0,0.0,H,,,,,,,,,,,,,,,,,,,,,,S_1994_1995
190,D1,18/03/95,Dortmund,Leverkusen,0.0,3.0,A,,,,,,,,,,,,,,,,,,,,,,S_1994_1995
191,D1,18/03/95,Ein Frankfurt,Stuttgart,2.0,2.0,D,,,,,,,,,,,,,,,,,,,,,,S_1994_1995
192,D1,18/03/95,FC Koln,Schalke 04,5.0,1.0,H,,,,,,,,,,,,,,,,,,,,,,S_1994_1995
193,D1,18/03/95,Freiburg,Bochum,1.0,2.0,A,,,,,,,,,,,,,,,,,,,,,,S_1994_1995
194,D1,18/03/95,Hamburg,Bayern Munich,1.0,1.0,D,,,,,,,,,,,,,,,,,,,,,,S_1994_1995
195,D1,18/03/95,Munich 1860,Karlsruhe,1.0,0.0,H,,,,,,,,,,,,,,,,,,,,,,S_1994_1995
196,D1,19/03/95,Duisburg,Dresden,1.0,1.0,D,,,,,,,,,,,,,,,,,,,,,,S_1994_1995
197,D1,21/03/95,Munich 1860,Uerdingen,1.0,1.0,D,,,,,,,,,,,,,,,,,,,,,,S_1994_1995
198,D1,25/03/95,Bayern Munich,Munich 1860,1.0,0.0,H,,,,,,,,,,,,,,,,,,,,,,S_1994_1995
199,D1,25/03/95,Bochum,M'gladbach,0.0,2.0,A,,,,,,,,,,,,,,,,,,,,,,S_1994_1995
200,D1,25/03/95,Dresden,Hamburg,1.0,1.0,D,,,,,,,,,,,,,,,,,,,,,,S_1994_1995
201,D1,25/03/95,Karlsruhe,FC Koln,0.0,0.0,D,,,,,,,,,,,,,,,,,,,,,,S_1994_1995
202,D1,25/03/95,Leverkusen,Freiburg,2.0,4.0,A,,,,,,,,,,,,,,,,,,,,,,S_1994_1995
203,D1,25/03/95,Schalke 04,Kaiserslautern,0.0,1.0,A,,,,,,,,,,,,,,,,,,,,,,S_1994_1995
204,D1,25/03/95,Stuttgart,Dortmund,0.0,0.0,D,,,,,,,,,,,,,,,,,,,,,,S_1994_1995
205,D1,25/03/95,Uerdingen,Ein Frankfurt,1.0,1.0,D,,,,,,,,,,,,,,,,,,,,,,S_1994_1995
206,D1,25/03/95,Werder Bremen,Duisburg,5.0,1.0,H,,,,,,,,,,,,,,,,,,,,,,S_1994_1995
207,D1,31/03/95,Duisburg,Bochum,3.0,1.0,H,,,,,,,,,,,,,,,,,,,,,,S_1994_1995
208,D1,31/03/95,Ein Frankfurt,Schalke 04,0.0,3.0,A,,,,,,,,,,,,,,,,,,,,,,S_1994_1995
209,D1,01/04/95,Dortmund,Uerdingen,3.0,1.0,H,,,,,,,,,,,,,,,,,,,,,,S_1994_1995
210,D1,01/04/95,FC Koln,Bayern Munich,3.0,1.0,H,,,,,,,,,,,,,,,,,,,,,,S_1994_1995
211,D1,01/04/95,Kaiserslautern,Karlsruhe,0.0,0.0,D,,,,,,,,,,,,,,,,,,,,,,S_1994_1995
212,D1,01/04/95,M'gladbach,Freiburg,1.0,2.0,A,,,,,,,,,,,,,,,,,,,,,,S_1994_1995
213,D1,01/04/95,Munich 1860,Dresden,3.0,1.0,H,,,,,,,,,,,,,,,,,,,,,,S_1994_1995
214,D1,01/04/95,Stuttgart,Leverkusen,4.0,2.0,H,,,,,,,,,,,,,,,,,,,,,,S_1994_1995
215,D1,02/04/95,Hamburg,Werder Bremen,0.0,0.0,D,,,,,,,,,,,,,,,,,,,,,,S_1994_1995
216,D1,07/04/95,Bochum,Hamburg,0.0,0.0,D,,,,,,,,,,,,,,,,,,,,,,S_1994_1995
217,D1,07/04/95,Uerdingen,Stuttgart,4.0,1.0,H,,,,,,,,,,,,,,,,,,,,,,S_1994_1995
218,D1,08/04/95,Bayern Munich,Kaiserslautern,1.0,1.0,D,,,,,,,,,,,,,,,,,,,,,,S_1994_1995
219,D1,08/04/95,Dresden,FC Koln,1.0,3.0,A,,,,,,,,,,,,,,,,,,,,,,S_1994_1995
220,D1,08/04/95,Freiburg,Duisburg,3.0,0.0,H,,,,,,,,,,,,,,,,,,,,,,S_1994_1995
221,D1,08/04/95,Karlsruhe,Ein Frankfurt,1.0,1.0,D,,,,,,,,,,,,,,,,,,,,,,S_1994_1995
222,D1,08/04/95,Leverkusen,M'gladbach,3.0,1.0,H,,,,,,,,,,,,,,,,,,,,,,S_1994_1995
223,D1,08/04/95,Schalke 04,Dortmund,0.0,0.0,D,,,,,,,,,,,,,,,,,,,,,,S_1994_1995
224,D1,09/04/95,Werder Bremen,Munich 1860,2.0,0.0,H,,,,,,,,,,,,,,,,,,,,,,S_1994_1995
225,D1,13/04/95,Dortmund,Karlsruhe,2.0,1.0,H,,,,,,,,,,,,,,,,,,,,,,S_1994_1995
226,D1,13/04/95,Hamburg,Freiburg,1.0,2.0,A,,,,,,,,,,,,,,,,,,,,,,S_1994_1995
227,D1,13/04/95,Uerdingen,Leverkusen,0.0,1.0,A,,,,,,,,,,,,,,,,,,,,,,S_1994_1995
228,D1,15/04/95,Duisburg,M'gladbach,0.0,2.0,A,,,,,,,,,,,,,,,,,,,,,,S_1994_1995
229,D1,15/04/95,Ein Frankfurt,Bayern Munich,2.0,0.0,H,,,,,,,,,,,,,,,,,,,,,,S_1994_1995
230,D1,15/04/95,FC Koln,Werder Bremen,1.0,1.0,D,,,,,,,,,,,,,,,,,,,,,,S_1994_1995
231,D1,15/04/95,Kaiserslautern,Dresden,3.0,1.0,H,,,,,,,,,,,,,,,,,,,,,,S_1994_1995
232,D1,15/04/95,Stuttgart,Schalke 04,1.0,1.0,D,,,,,,,,,,,,,,,,,,,,,,S_1994_1995
233,D1,16/04/95,Munich 1860,Bochum,4.0,0.0,H,,,,,,,,,,,,,,,,,,,,,,S_1994_1995
234,D1,21/04/95,Bochum,FC Koln,1.0,0.0,H,,,,,,,,,,,,,,,,,,,,,,S_1994_1995
235,D1,21/04/95,Karlsruhe,Stuttgart,3.0,1.0,H,,,,,,,,,,,,,,,,,,,,,,S_1994_1995
236,D1,21/04/95,M'gladbach,Hamburg,2.0,1.0,H,,,,,,,,,,,,,,,,,,,,,,S_1994_1995
237,D1,22/04/95,Bayern Munich,Dortmund,2.0,1.0,H,,,,,,,,,,,,,,,,,,,,,,S_1994_1995
238,D1,22/04/95,Dresden,Ein Frankfurt,1.0,2.0,A,,,,,,,,,,,,,,,,,,,,,,S_1994_1995
239,D1,22/04/95,Freiburg,Munich 1860,1.0,1.0,D,,,,,,,,,,,,,,,,,,,,,,S_1994_1995
240,D1,22/04/95,Leverkusen,Duisburg,2.0,0.0,H,,,,,,,,,,,,,,,,,,,,,,S_1994_1995
241,D1,22/04/95,Schalke 04,Uerdingen,2.0,0.0,H,,,,,,,,,,,,,,,,,,,,,,S_1994_1995
242,D1,22/04/95,Werder Bremen,Kaiserslautern,2.0,2.0,D,,,,,,,,,,,,,,,,,,,,,,S_1994_1995
243,D1,28/04/95,FC Koln,Freiburg,2.0,0.0,H,,,,,,,,,,,,,,,,,,,,,,S_1994_1995
244,D1,28/04/95,Hamburg,Duisburg,3.0,0.0,H,,,,,,,,,,,,,,,,,,,,,,S_1994_1995
245,D1,29/04/95,Dortmund,Dresden,2.0,0.0,H,,,,,,,,,,,,,,,,,,,,,,S_1994_1995
246,D1,29/04/95,Kaiserslautern,Bochum,3.0,1.0,H,,,,,,,,,,,,,,,,,,,,,,S_1994_1995
247,D1,29/04/95,Munich 1860,M'gladbach,2.0,0.0,H,,,,,,,,,,,,,,,,,,,,,,S_1994_1995
248,D1,29/04/95,Schalke 04,Leverkusen,3.0,2.0,H,,,,,,,,,,,,,,,,,,,,,,S_1994_1995
249,D1,29/04/95,Stuttgart,Bayern Munich,0.0,2.0,A,,,,,,,,,,,,,,,,,,,,,,S_1994_1995
250,D1,29/04/95,Uerdingen,Karlsruhe,0.0,0.0,D,,,,,,,,,,,,,,,,,,,,,,S_1994_1995
251,D1,30/04/95,Ein Frankfurt,Werder Bremen,0.0,0.0,D,,,,,,,,,,,,,,,,,,,,,,S_1994_1995
252,D1,05/05/95,Duisburg,Munich 1860,1.0,1.0,D,,,,,,,,,,,,,,,,,,,,,,S_1994_1995
253,D1,05/05/95,Freiburg,Kaiserslautern,4.0,1.0,H,,,,,,,,,,,,,,,,,,,,,,S_1994_1995
254,D1,06/05/95,Bayern Munich,Uerdingen,2.0,1.0,H,,,,,,,,,,,,,,,,,,,,,,S_1994_1995
255,D1,06/05/95,Bochum,Ein Frankfurt,0.0,1.0,A,,,,,,,,,,,,,,,,,,,,,,S_1994_1995
256,D1,06/05/95,Dresden,Stuttgart,1.0,1.0,D,,,,,,,,,,,,,,,,,,,,,,S_1994_1995
257,D1,06/05/95,Karlsruhe,Schalke 04,2.0,2.0,D,,,,,,,,,,,,,,,,,,,,,,S_1994_1995
258,D1,06/05/95,Leverkusen,Hamburg,3.0,1.0,H,,,,,,,,,,,,,,,,,,,,,,S_1994_1995
259,D1,06/05/95,M'gladbach,FC Koln,0.0,0.0,D,,,,,,,,,,,,,,,,,,,,,,S_1994_1995
260,D1,07/05/95,Werder Bremen,Dortmund,3.0,1.0,H,,,,,,,,,,,,,,,,,,,,,,S_1994_1995
261,D1,12/05/95,Karlsruhe,Leverkusen,2.0,4.0,A,,,,,,,,,,,,,,,,,,,,,,S_1994_1995
262,D1,12/05/95,Uerdingen,Dresden,3.0,1.0,H,,,,,,,,,,,,,,,,,,,,,,S_1994_1995
263,D1,13/05/95,Dortmund,Bochum,3.0,1.0,H,,,,,,,,,,,,,,,,,,,,,,S_1994_1995
264,D1,13/05/95,Ein Frankfurt,Freiburg,1.0,2.0,A,,,,,,,,,,,,,,,,,,,,,,S_1994_1995
265,D1,13/05/95,FC Koln,Duisburg,0.0,3.0,A,,,,,,,,,,,,,,,,,,,,,,S_1994_1995
266,D1,13/05/95,Kaiserslautern,M'gladbach,2.0,2.0,D,,,,,,,,,,,,,,,,,,,,,,S_1994_1995
267,D1,13/05/95,Munich 1860,Hamburg,1.0,1.0,D,,,,,,,,,,,,,,,,,,,,,,S_1994_1995
268,D1,13/05/95,Stuttgart,Werder Bremen,1.0,4.0,A,,,,,,,,,,,,,,,,,,,,,,S_1994_1995
269,D1,14/05/95,Schalke 04,Bayern Munich,0.0,3.0,A,,,,,,,,,,,,,,,,,,,,,,S_1994_1995
270,D1,19/05/95,Hamburg,FC Koln,0.0,4.0,A,,,,,,,,,,,,,,,,,,,,,,S_1994_1995
271,D1,19/05/95,Leverkusen,Munich 1860,0.0,2.0,A,,,,,,,,,,,,,,,,,,,,,,S_1994_1995
272,D1,20/05/95,Bayern Munich,Karlsruhe,0.0,1.0,A,,,,,,,,,,,,,,,,,,,,,,S_1994_1995
273,D1,20/05/95,Bochum,Stuttgart,4.0,0.0,H,,,,,,,,,,,,,,,,,,,,,,S_1994_1995
274,D1,20/05/95,Dresden,Schalke 04,2.0,1.0,H,,,,,,,,,,,,,,,,,,,,,,S_1994_1995
275,D1,20/05/95,Duisburg,Kaiserslautern,3.0,2.0,H,,,,,,,,,,,,,,,,,,,,,,S_1994_1995
276,D1,20/05/95,Freiburg,Dortmund,1.0,1.0,D,,,,,,,,,,,,,,,,,,,,,,S_1994_1995
277,D1,20/05/95,Werder Bremen,Uerdingen,6.0,1.0,H,,,,,,,,,,,,,,,,,,,,,,S_1994_1995
278,D1,21/05/95,M'gladbach,Ein Frankfurt,2.0,0.0,H,,,,,,,,,,,,,,,,,,,,,,S_1994_1995
279,D1,26/05/95,Kaiserslautern,Hamburg,4.0,1.0,H,,,,,,,,,,,,,,,,,,,,,,S_1994_1995
280,D1,26/05/95,Munich 1860,FC Koln,2.0,1.0,H,,,,,,,,,,,,,,,,,,,,,,S_1994_1995
281,D1,27/05/95,Ein Frankfurt,Duisburg,4.0,1.0,H,,,,,,,,,,,,,,,,,,,,,,S_1994_1995
282,D1,27/05/95,Karlsruhe,Dresden,5.0,3.0,H,,,,,,,,,,,,,,,,,,,,,,S_1994_1995
283,D1,27/05/95,Leverkusen,Bayern Munich,2.0,0.0,H,,,,,,,,,,,,,,,,,,,,,,S_1994_1995
284,D1,27/05/95,Schalke 04,Werder Bremen,4.0,2.0,H,,,,,,,,,,,,,,,,,,,,,,S_1994_1995
285,D1,27/05/95,Stuttgart,Freiburg,1.0,0.0,H,,,,,,,,,,,,,,,,,,,,,,S_1994_1995
286,D1,27/05/95,Uerdingen,Bochum,2.0,1.0,H,,,,,,,,,,,,,,,,,,,,,,S_1994_1995
287,D1,28/05/95,Dortmund,M'gladbach,1.0,1.0,D,,,,,,,,,,,,,,,,,,,,,,S_1994_1995
288,D1,10/06/95,Bochum,Schalke 04,5.0,1.0,H,,,,,,,,,,,,,,,,,,,,,,S_1994_1995
289,D1,10/06/95,Dresden,Bayern Munich,0.0,1.0,A,,,,,,,,,,,,,,,,,,,,,,S_1994_1995
290,D1,10/06/95,Duisburg,Dortmund,2.0,3.0,A,,,,,,,,,,,,,,,,,,,,,,S_1994_1995
291,D1,10/06/95,FC Koln,Leverkusen,3.0,3.0,D,,,,,,,,,,,,,,,,,,,,,,S_1994_1995
292,D1,10/06/95,Freiburg,Uerdingen,1.0,0.0,H,,,,,,,,,,,,,,,,,,,,,,S_1994_1995
293,D1,10/06/95,Hamburg,Ein Frankfurt,3.0,1.0,H,,,,,,,,,,,,,,,,,,,,,,S_1994_1995
294,D1,10/06/95,M'gladbach,Stuttgart,3.0,1.0,H,,,,,,,,,,,,,,,,,,,,,,S_1994_1995
295,D1,10/06/95,Munich 1860,Kaiserslautern,1.0,3.0,A,,,,,,,,,,,,,,,,,,,,,,S_1994_1995
296,D1,10/06/95,Werder Bremen,Karlsruhe,2.0,1.0,H,,,,,,,,,,,,,,,,,,,,,,S_1994_1995
297,D1,17/06/95,Bayern Munich,Werder Bremen,3.0,1.0,H,,,,,,,,,,,,,,,,,,,,,,S_1994_1995
298,D1,17/06/95,Dortmund,Hamburg,2.0,0.0,H,,,,,,,,,,,,,,,,,,,,,,S_1994_1995
299,D1,17/06/95,Ein Frankfurt,Munich 1860,3.0,1.0,H,,,,,,,,,,,,,,,,,,,,,,S_1994_1995
300,D1,17/06/95,Kaiserslautern,FC Koln,3.0,1.0,H,,,,,,,,,,,,,,,,,,,,,,S_1994_1995
301,D1,17/06/95,Karlsruhe,Bochum,2.0,2.0,D,,,,,,,,,,,,,,,,,,,,,,S_1994_1995
302,D1,17/06/95,Leverkusen,Dresden,2.0,2.0,D,,,,,,,,,,,,,,,,,,,,,,S_1994_1995
303,D1,17/06/95,Schalke 04,Freiburg,1.0,2.0,A,,,,,,,,,,,,,,,,,,,,,,S_1994_1995
304,D1,17/06/95,Stuttgart,Duisburg,3.0,1.0,H,,,,,,,,,,,,,,,,,,,,,,S_1994_1995
305,D1,17/06/95,Uerdingen,M'gladbach,3.0,2.0,H,,,,,,,,,,,,,,,,,,,,,,S_1994_1995
306,,,,,,,,,,,,,,,,,,,,,,,,,,,,,S_1994_1995
307,,,,,,,,,,,,,,,,,,,,,,,,,,,,,S_1994_1995
308,,,,,,,,,,,,,,,,,,,,,,,,,,,,,S_1994_1995
309,,,,,,,,,,,,,,,,,,,,,,,,,,,,,S_1994_1995
310,,,,,,,,,,,,,,,,,,,,,,,,,,,,,S_1994_1995
311,,,,,,,,,,,,,,,,,,,,,,,,,,,,,S_1994_1995
312,,,,,,,,,,,,,,,,,,,,,,,,,,,,,S_1994_1995
313,,,,,,,,,,,,,,,,,,,,,,,,,,,,,S_1994_1995
314,,,,,,,,,,,,,,,,,,,,,,,,,,,,,S_1994_1995
315,,,,,,,,,,,,,,,,,,,,,,,,,,,,,S_1994_1995
316,,,,,,,,,,,,,,,,,,,,,,,,,,,,,S_1994_1995
317,,,,,,,,,,,,,,,,,,,,,,,,,,,,,S_1994_1995
318,,,,,,,,,,,,,,,,,,,,,,,,,,,,,S_1994_1995
319,,,,,,,,,,,,,,,,,,,,,,,,,,,,,S_1994_1995
320,,,,,,,,,,,,,,,,,,,,,,,,,,,,,S_1994_1995
321,,,,,,,,,,,,,,,,,,,,,,,,,,,,,S_1994_1995
322,,,,,,,,,,,,,,,,,,,,,,,,,,,,,S_1994_1995
323,,,,,,,,,,,,,,,,,,,,,,,,,,,,,S_1994_1995
324,,,,,,,,,,,,,,,,,,,,,,,,,,,,,S_1994_1995
325,,,,,,,,,,,,,,,,,,,,,,,,,,,,,S_1994_1995
326,,,,,,,,,,,,,,,,,,,,,,,,,,,,,S_1994_1995
327,,,,,,,,,,,,,,,,,,,,,,,,,,,,,S_1994_1995
328,,,,,,,,,,,,,,,,,,,,,,,,,,,,,S_1994_1995
329,,,,,,,,,,,,,,,,,,,,,,,,,,,,,S_1994_1995
330,,,,,,,,,,,,,,,,,,,,,,,,,,,,,S_1994_1995
331,,,,,,,,,,,,,,,,,,,,,,,,,,,,,S_1994_1995
332,,,,,,,,,,,,,,,,,,,,,,,,,,,,,S_1994_1995
333,,,,,,,,,,,,,,,,,,,,,,,,,,,,,S_1994_1995
334,,,,,,,,,,,,,,,,,,,,,,,,,,,,,S_1994_1995
335,,,,,,,,,,,,,,,,,,,,,,,,,,,,,S_1994_1995
336,,,,,,,,,,,,,,,,,,,,,,,,,,,,,S_1994_1995
337,,,,,,,,,,,,,,,,,,,,,,,,,,,,,S_1994_1995
338,,,,,,,,,,,,,,,,,,,,,,,,,,,,,S_1994_1995
339,,,,,,,,,,,,,,,,,,,,,,,,,,,,,S_1994_1995
340,,,,,,,,,,,,,,,,,,,,,,,,,,,,,S_1994_1995
341,,,,,,,,,,,,,,,,,,,,,,,,,,,,,S_1994_1995
342,,,,,,,,,,,,,,,,,,,,,,,,,,,,,S_1994_1995
343,,,,,,,,,,,,,,,,,,,,,,,,,,,,,S_1994_1995
344,,,,,,,,,,,,,,,,,,,,,,,,,,,,,S_1994_1995
345,,,,,,,,,,,,,,,,,,,,,,,,,,,,,S_1994_1995
346,,,,,,,,,,,,,,,,,,,,,,,,,,,,,S_1994_1995
347,,,,,,,,,,,,,,,,,,,,,,,,,,,,,S_1994_1995
348,,,,,,,,,,,,,,,,,,,,,,,,,,,,,S_1994_1995
349,,,,,,,,,,,,,,,,,,,,,,,,,,,,,S_1994_1995
350,,,,,,,,,,,,,,,,,,,,,,,,,,,,,S_1994_1995
351,,,,,,,,,,,,,,,,,,,,,,,,,,,,,S_1994_1995
352,,,,,,,,,,,,,,,,,,,,,,,,,,,,,S_1994_1995
353,,,,,,,,,,,,,,,,,,,,,,,,,,,,,S_1994_1995
354,,,,,,,,,,,,,,,,,,,,,,,,,,,,,S_1994_1995
355,,,,,,,,,,,,,,,,,,,,,,,,,,,,,S_1994_1995
356,,,,,,,,,,,,,,,,,,,,,,,,,,,,,S_1994_1995
357,,,,,,,,,,,,,,,,,,,,,,,,,,,,,S_1994_1995
358,,,,,,,,,,,,,,,,,,,,,,,,,,,,,S_1994_1995
359,,,,,,,,,,,,,,,,,,,,,,,,,,,,,S_1994_1995
360,,,,,,,,,,,,,,,,,,,,,,,,,,,,,S_1994_1995
361,,,,,,,,,,,,,,,,,,,,,,,,,,,,,S_1994_1995
362,,,,,,,,,,,,,,,,,,,,,,,,,,,,,S_1994_1995
363,,,,,,,,,,,,,,,,,,,,,,,,,,,,,S_1994_1995
364,,,,,,,,,,,,,,,,,,,,,,,,,,,,,S_1994_1995
365,,,,,,,,,,,,,,,,,,,,,,,,,,,,,S_1994_1995
366,,,,,,,,,,,,,,,,,,,,,,,,,,,,,S_1994_1995
367,,,,,,,,,,,,,,,,,,,,,,,,,,,,,S_1994_1995
368,,,,,,,,,,,,,,,,,,,,,,,,,,,,,S_1994_1995
369,,,,,,,,,,,,,,,,,,,,,,,,,,,,,S_1994_1995
370,,,,,,,,,,,,,,,,,,,,,,,,,,,,,S_1994_1995
371,,,,,,,,,,,,,,,,,,,,,,,,,,,,,S_1994_1995
372,,,,,,,,,,,,,,,,,,,,,,,,,,,,,S_1994_1995
373,,,,,,,,,,,,,,,,,,,,,,,,,,,,,S_1994_1995
374,,,,,,,,,,,,,,,,,,,,,,,,,,,,,S_1994_1995
375,,,,,,,,,,,,,,,,,,,,,,,,,,,,,S_1994_1995
376,,,,,,,,,,,,,,,,,,,,,,,,,,,,,S_1994_1995
377,,,,,,,,,,,,,,,,,,,,,,,,,,,,,S_1994_1995
378,,,,,,,,,,,,,,,,,,,,,,,,,,,,,S_1994_1995
379,,,,,,,,,,,,,,,,,,,,,,,,,,,,,S_1994_1995
380,,,,,,,,,,,,,,,,,,,,,,,,,,,,,S_1994_1995
381,,,,,,,,,,,,,,,,,,,,,,,,,,,,,S_1994_1995
382,,,,,,,,,,,,,,,,,,,,,,,,,,,,,S_1994_1995
383,,,,,,,,,,,,,,,,,,,,,,,,,,,,,S_1994_1995
384,,,,,,,,,,,,,,,,,,,,,,,,,,,,,S_1994_1995
385,,,,,,,,,,,,,,,,,,,,,,,,,,,,,S_1994_1995
386,,,,,,,,,,,,,,,,,,,,,,,,,,,,,S_1994_1995
387,,,,,,,,,,,,,,,,,,,,,,,,,,,,,S_1994_1995
388,,,,,,,,,,,,,,,,,,,,,,,,,,,,,S_1994_1995
389,,,,,,,,,,,,,,,,,,,,,,,,,,,,,S_1994_1995
390,,,,,,,,,,,,,,,,,,,,,,,,,,,,,S_1994_1995
391,,,,,,,,,,,,,,,,,,,,,,,,,,,,,S_1994_1995
392,,,,,,,,,,,,,,,,,,,,,,,,,,,,,S_1994_1995
393,,,,,,,,,,,,,,,,,,,,,,,,,,,,,S_1994_1995
394,,,,,,,,,,,,,,,,,,,,,,,,,,,,,S_1994_1995
395,,,,,,,,,,,,,,,,,,,,,,,,,,,,,S_1994_1995
396,,,,,,,,,,,,,,,,,,,,,,,,,,,,,S_1994_1995
397,,,,,,,,,,,,,,,,,,,,,,,,,,,,,S_1994_1995
398,,,,,,,,,,,,,,,,,,,,,,,,,,,,,S_1994_1995
399,,,,,,,,,,,,,,,,,,,,,,,,,,,,,S_1994_1995
400,,,,,,,,,,,,,,,,,,,,,,,,,,,,,S_1994_1995
401,,,,,,,,,,,,,,,,,,,,,,,,,,,,,S_1994_1995
402,,,,,,,,,,,,,,,,,,,,,,,,,,,,,S_1994_1995
403,,,,,,,,,,,,,,,,,,,,,,,,,,,,,S_1994_1995
404,,,,,,,,,,,,,,,,,,,,,,,,,,,,,S_1994_1995
405,,,,,,,,,,,,,,,,,,,,,,,,,,,,,S_1994_1995
406,,,,,,,,,,,,,,,,,,,,,,,,,,,,,S_1994_1995
407,,,,,,,,,,,,,,,,,,,,,,,,,,,,,S_1994_1995
408,,,,,,,,,,,,,,,,,,,,,,,,,,,,,S_1994_1995
409,,,,,,,,,,,,,,,,,,,,,,,,,,,,,S_1994_1995
410,,,,,,,,,,,,,,,,,,,,,,,,,,,,,S_1994_1995
411,,,,,,,,,,,,,,,,,,,,,,,,,,,,,S_1994_1995
412,,,,,,,,,,,,,,,,,,,,,,,,,,,,,S_1994_1995
413,,,,,,,,,,,,,,,,,,,,,,,,,,,,,S_1994_1995
414,,,,,,,,,,,,,,,,,,,,,,,,,,,,,S_1994_1995
415,,,,,,,,,,,,,,,,,,,,,,,,,,,,,S_1994_1995
416,,,,,,,,,,,,,,,,,,,,,,,,,,,,,S_1994_1995
417,,,,,,,,,,,,,,,,,,,,,,,,,,,,,S_1994_1995
418,,,,,,,,,,,,,,,,,,,,,,,,,,,,,S_1994_1995
419,,,,,,,,,,,,,,,,,,,,,,,,,,,,,S_1994_1995
420,,,,,,,,,,,,,,,,,,,,,,,,,,,,,S_1994_1995
421,,,,,,,,,,,,,,,,,,,,,,,,,,,,,S_1994_1995
422,,,,,,,,,,,,,,,,,,,,,,,,,,,,,S_1994_1995
423,,,,,,,,,,,,,,,,,,,,,,,,,,,,,S_1994_1995
424,,,,,,,,,,,,,,,,,,,,,,,,,,,,,S_1994_1995
425,,,,,,,,,,,,,,,,,,,,,,,,,,,,,S_1994_1995
426,,,,,,,,,,,,,,,,,,,,,,,,,,,,,S_1994_1995
427,,,,,,,,,,,,,,,,,,,,,,,,,,,,,S_1994_1995
428,,,,,,,,,,,,,,,,,,,,,,,,,,,,,S_1994_1995
429,,,,,,,,,,,,,,,,,,,,,,,,,,,,,S_1994_1995
430,,,,,,,,,,,,,,,,,,,,,,,,,,,,,S_1994_1995
431,,,,,,,,,,,,,,,,,,,,,,,,,,,,,S_1994_1995
432,,,,,,,,,,,,,,,,,,,,,,,,,,,,,S_1994_1995
433,,,,,,,,,,,,,,,,,,,,,,,,,,,,,S_1994_1995
434,,,,,,,,,,,,,,,,,,,,,,,,,,,,,S_1994_1995
435,,,,,,,,,,,,,,,,,,,,,,,,,,,,,S_1994_1995
436,,,,,,,,,,,,,,,,,,,,,,,,,,,,,S_1994_1995
437,,,,,,,,,,,,,,,,,,,,,,,,,,,,,S_1994_1995
438,,,,,,,,,,,,,,,,,,,,,,,,,,,,,S_1994_1995
439,,,,,,,,,,,,,,,,,,,,,,,,,,,,,S_1994_1995
440,,,,,,,,,,,,,,,,,,,,,,,,,,,,,S_1994_1995
441,,,,,,,,,,,,,,,,,,,,,,,,,,,,,S_1994_1995
442,,,,,,,,,,,,,,,,,,,,,,,,,,,,,S_1994_1995
443,,,,,,,,,,,,,,,,,,,,,,,,,,,,,S_1994_1995
444,,,,,,,,,,,,,,,,,,,,,,,,,,,,,S_1994_1995
445,,,,,,,,,,,,,,,,,,,,,,,,,,,,,S_1994_1995
446,,,,,,,,,,,,,,,,,,,,,,,,,,,,,S_1994_1995
447,,,,,,,,,,,,,,,,,,,,,,,,,,,,,S_1994_1995
448,,,,,,,,,,,,,,,,,,,,,,,,,,,,,S_1994_1995
449,,,,,,,,,,,,,,,,,,,,,,,,,,,,,S_1994_1995
450,,,,,,,,,,,,,,,,,,,,,,,,,,,,,S_1994_1995
451,,,,,,,,,,,,,,,,,,,,,,,,,,,,,S_1994_1995
452,,,,,,,,,,,,,,,,,,,,,,,,,,,,,S_1994_1995
453,,,,,,,,,,,,,,,,,,,,,,,,,,,,,S_1994_1995
454,,,,,,,,,,,,,,,,,,,,,,,,,,,,,S_1994_1995
455,,,,,,,,,,,,,,,,,,,,,,,,,,,,,S_1994_1995
456,,,,,,,,,,,,,,,,,,,,,,,,,,,,,S_1994_1995
457,,,,,,,,,,,,,,,,,,,,,,,,,,,,,S_1994_1995
458,,,,,,,,,,,,,,,,,,,,,,,,,,,,,S_1994_1995
459,,,,,,,,,,,,,,,,,,,,,,,,,,,,,S_1994_1995
460,,,,,,,,,,,,,,,,,,,,,,,,,,,,,S_1994_1995
461,,,,,,,,,,,,,,,,,,,,,,,,,,,,,S_1994_1995
462,,,,,,,,,,,,,,,,,,,,,,,,,,,,,S_1994_1995
463,,,,,,,,,,,,,,,,,,,,,,,,,,,,,S_1994_1995
464,,,,,,,,,,,,,,,,,,,,,,,,,,,,,S_1994_1995
465,,,,,,,,,,,,,,,,,,,,,,,,,,,,,S_1994_1995
466,,,,,,,,,,,,,,,,,,,,,,,,,,,,,S_1994_1995
467,,,,,,,,,,,,,,,,,,,,,,,,,,,,,S_1994_1995
468,,,,,,,,,,,,,,,,,,,,,,,,,,,,,S_1994_1995
469,,,,,,,,,,,,,,,,,,,,,,,,,,,,,S_1994_1995
470,,,,,,,,,,,,,,,,,,,,,,,,,,,,,S_1994_1995
471,,,,,,,,,,,,,,,,,,,,,,,,,,,,,S_1994_1995
472,,,,,,,,,,,,,,,,,,,,,,,,,,,,,S_1994_1995
473,,,,,,,,,,,,,,,,,,,,,,,,,,,,,S_1994_1995
474,,,,,,,,,,,,,,,,,,,,,,,,,,,,,S_1994_1995
475,,,,,,,,,,,,,,,,,,,,,,,,,,,,,S_1994_1995
476,,,,,,,,,,,,,,,,,,,,,,,,,,,,,S_1994_1995
477,,,,,,,,,,,,,,,,,,,,,,,,,,,,,S_1994_1995
478,,,,,,,,,,,,,,,,,,,,,,,,,,,,,S_1994_1995
479,,,,,,,,,,,,,,,,,,,,,,,,,,,,,S_1994_1995
480,,,,,,,,,,,,,,,,,,,,,,,,,,,,,S_1994_1995
481,,,,,,,,,,,,,,,,,,,,,,,,,,,,,S_1994_1995
482,,,,,,,,,,,,,,,,,,,,,,,,,,,,,S_1994_1995
483,,,,,,,,,,,,,,,,,,,,,,,,,,,,,S_1994_1995
484,,,,,,,,,,,,,,,,,,,,,,,,,,,,,S_1994_1995
485,,,,,,,,,,,,,,,,,,,,,,,,,,,,,S_1994_1995
486,,,,,,,,,,,,,,,,,,,,,,,,,,,,,S_1994_1995
487,,,,,,,,,,,,,,,,,,,,,,,,,,,,,S_1994_1995
488,,,,,,,,,,,,,,,,,,,,,,,,,,,,,S_1994_1995
489,,,,,,,,,,,,,,,,,,,,,,,,,,,,,S_1994_1995
490,,,,,,,,,,,,,,,,,,,,,,,,,,,,,S_1994_1995
491,,,,,,,,,,,,,,,,,,,,,,,,,,,,,S_1994_1995
492,,,,,,,,,,,,,,,,,,,,,,,,,,,,,S_1994_1995
493,,,,,,,,,,,,,,,,,,,,,,,,,,,,,S_1994_1995
494,,,,,,,,,,,,,,,,,,,,,,,,,,,,,S_1994_1995
495,,,,,,,,,,,,,,,,,,,,,,,,,,,,,S_1994_1995
496,,,,,,,,,,,,,,,,,,,,,,,,,,,,,S_1994_1995
497,,,,,,,,,,,,,,,,,,,,,,,,,,,,,S_1994_1995
498,,,,,,,,,,,,,,,,,,,,,,,,,,,,,S_1994_1995
499,,,,,,,,,,,,,,,,,,,,,,,,,,,,,S_1994_1995
500,,,,,,,,,,,,,,,,,,,,,,,,,,,,,S_1994_1995
501,,,,,,,,,,,,,,,,,,,,,,,,,,,,,S_1994_1995
502,,,,,,,,,,,,,,,,,,,,,,,,,,,,,S_1994_1995
503,,,,,,,,,,,,,,,,,,,,,,,,,,,,,S_1994_1995
504,,,,,,,,,,,,,,,,,,,,,,,,,,,,,S_1994_1995
505,,,,,,,,,,,,,,,,,,,,,,,,,,,,,S_1994_1995
506,,,,,,,,,,,,,,,,,,,,,,,,,,,,,S_1994_1995
507,,,,,,,,,,,,,,,,,,,,,,,,,,,,,S_1994_1995
508,,,,,,,,,,,,,,,,,,,,,,,,,,,,,S_1994_1995
509,,,,,,,,,,,,,,,,,,,,,,,,,,,,,S_1994_1995
510,,,,,,,,,,,,,,,,,,,,,,,,,,,,,S_1994_1995
511,,,,,,,,,,,,,,,,,,,,,,,,,,,,,S_1994_1995
512,,,,,,,,,,,,,,,,,,,,,,,,,,,,,S_1994_1995
513,,,,,,,,,,,,,,,,,,,,,,,,,,,,,S_1994_1995
514,,,,,,,,,,,,,,,,,,,,,,,,,,,,,S_1994_1995
515,,,,,,,,,,,,,,,,,,,,,,,,,,,,,S_1994_1995
516,,,,,,,,,,,,,,,,,,,,,,,,,,,,,S_1994_1995
517,,,,,,,,,,,,,,,,,,,,,,,,,,,,,S_1994_1995
518,,,,,,,,,,,,,,,,,,,,,,,,,,,,,S_1994_1995
519,,,,,,,,,,,,,,,,,,,,,,,,,,,,,S_1994_1995
520,,,,,,,,,,,,,,,,,,,,,,,,,,,,,S_1994_1995
521,,,,,,,,,,,,,,,,,,,,,,,,,,,,,S_1994_1995
522,,,,,,,,,,,,,,,,,,,,,,,,,,,,,S_1994_1995
523,,,,,,,,,,,,,,,,,,,,,,,,,,,,,S_1994_1995
524,,,,,,,,,,,,,,,,,,,,,,,,,,,,,S_1994_1995
525,,,,,,,,,,,,,,,,,,,,,,,,,,,,,S_1994_1995
526,,,,,,,,,,,,,,,,,,,,,,,,,,,,,S_1994_1995
527,,,,,,,,,,,,,,,,,,,,,,,,,,,,,S_1994_1995
528,,,,,,,,,,,,,,,,,,,,,,,,,,,,,S_1994_1995
529,,,,,,,,,,,,,,,,,,,,,,,,,,,,,S_1994_1995
530,,,,,,,,,,,,,,,,,,,,,,,,,,,,,S_1994_1995
531,,,,,,,,,,,,,,,,,,,,,,,,,,,,,S_1994_1995
532,,,,,,,,,,,,,,,,,,,,,,,,,,,,,S_1994_1995
533,,,,,,,,,,,,,,,,,,,,,,,,,,,,,S_1994_1995
534,,,,,,,,,,,,,,,,,,,,,,,,,,,,,S_1994_1995
535,,,,,,,,,,,,,,,,,,,,,,,,,,,,,S_1994_1995
536,,,,,,,,,,,,,,,,,,,,,,,,,,,,,S_1994_1995
537,,,,,,,,,,,,,,,,,,,,,,,,,,,,,S_1994_1995
538,,,,,,,,,,,,,,,,,,,,,,,,,,,,,S_1994_1995
539,,,,,,,,,,,,,,,,,,,,,,,,,,,,,S_1994_1995
540,,,,,,,,,,,,,,,,,,,,,,,,,,,,,S_1994_1995
541,,,,,,,,,,,,,,,,,,,,,,,,,,,,,S_1994_1995
542,,,,,,,,,,,,,,,,,,,,,,,,,,,,,S_1994_1995
543,,,,,,,,,,,,,,,,,,,,,,,,,,,,,S_1994_1995
544,,,,,,,,,,,,,,,,,,,,,,,,,,,,,S_1994_1995
545,,,,,,,,,,,,,,,,,,,,,,,,,,,,,S_1994_1995
546,,,,,,,,,,,,,,,,,,,,,,,,,,,,,S_1994_1995
547,,,,,,,,,,,,,,,,,,,,,,,,,,,,,S_1994_1995
548,,,,,,,,,,,,,,,,,,,,,,,,,,,,,S_1994_1995
549,,,,,,,,,,,,,,,,,,,,,,,,,,,,,S_1994_1995
550,,,,,,,,,,,,,,,,,,,,,,,,,,,,,S_1994_1995
551,,,,,,,,,,,,,,,,,,,,,,,,,,,,,S_1994_1995
