,Unnamed: 0,Div,Date,HomeTeam,AwayTeam,FTHG,FTAG,FTR,HTHG,HTAG,HTR,Unnamed: 10,Unnamed: 11,Unnamed: 12,Unnamed: 13,Unnamed: 14,Unnamed: 15,Unnamed: 16,Unnamed: 17,Unnamed: 18,Unnamed: 19,Time,season,Attendance
0,0,E0,19/08/95,Aston Villa,Man United,3,1,H,3,0,H,,,,,,,,,,,,S_1995_1996,
1,1,E0,19/08/95,Blackburn,QPR,1,0,H,1,0,H,,,,,,,,,,,,S_1995_1996,
2,2,E0,19/08/95,Chelsea,Everton,0,0,D,0,0,D,,,,,,,,,,,,S_1995_1996,
3,3,E0,19/08/95,Liverpool,Sheffield Weds,1,0,H,0,0,D,,,,,,,,,,,,S_1995_1996,
4,4,E0,19/08/95,Man City,Tottenham,1,1,D,0,1,A,,,,,,,,,,,,S_1995_1996,
5,5,E0,19/08/95,Newcastle,Coventry,3,0,H,1,0,H,,,,,,,,,,,,S_1995_1996,
6,6,E0,19/08/95,Southampton,Nott'm Forest,3,4,A,1,3,A,,,,,,,,,,,,S_1995_1996,
7,7,E0,19/08/95,West Ham,Leeds,1,2,A,1,0,H,,,,,,,,,,,,S_1995_1996,
8,8,E0,19/08/95,Wimbledon,Bolton,3,2,H,2,2,D,,,,,,,,,,,,S_1995_1996,
9,9,E0,20/08/95,Arsenal,Middlesbrough,1,1,D,1,1,D,,,,,,,,,,,,S_1995_1996,
10,10,E0,21/08/95,Leeds,Liverpool,1,0,H,0,0,D,,,,,,,,,,,,S_1995_1996,
11,11,E0,22/08/95,Bolton,Newcastle,1,3,A,0,1,A,,,,,,,,,,,,S_1995_1996,
12,12,E0,23/08/95,Coventry,Man City,2,1,H,1,0,H,,,,,,,,,,,,S_1995_1996,
13,13,E0,23/08/95,Everton,Arsenal,0,2,A,0,0,D,,,,,,,,,,,,S_1995_1996,
14,14,E0,23/08/95,Man United,West Ham,2,1,H,0,0,D,,,,,,,,,,,,S_1995_1996,
15,15,E0,23/08/95,Nott'm Forest,Chelsea,0,0,D,0,0,D,,,,,,,,,,,,S_1995_1996,
16,16,E0,23/08/95,QPR,Wimbledon,0,3,A,0,1,A,,,,,,,,,,,,S_1995_1996,
17,17,E0,23/08/95,Sheffield Weds,Blackburn,2,1,H,1,0,H,,,,,,,,,,,,S_1995_1996,
18,18,E0,23/08/95,Tottenham,Aston Villa,0,1,A,0,0,D,,,,,,,,,,,,S_1995_1996,
19,19,E0,26/08/95,Bolton,Blackburn,2,1,H,1,0,H,,,,,,,,,,,,S_1995_1996,
20,20,E0,26/08/95,Coventry,Arsenal,0,0,D,0,0,D,,,,,,,,,,,,S_1995_1996,
21,21,E0,26/08/95,Everton,Southampton,2,0,H,2,0,H,,,,,,,,,,,,S_1995_1996,
22,22,E0,26/08/95,Leeds,Aston Villa,2,0,H,1,0,H,,,,,,,,,,,,S_1995_1996,
23,23,E0,26/08/95,Man United,Wimbledon,3,1,H,1,0,H,,,,,,,,,,,,S_1995_1996,
24,24,E0,26/08/95,Middlesbrough,Chelsea,2,0,H,1,0,H,,,,,,,,,,,,S_1995_1996,
25,25,E0,26/08/95,Nott'm Forest,West Ham,1,1,D,1,1,D,,,,,,,,,,,,S_1995_1996,
26,26,E0,26/08/95,QPR,Man City,1,0,H,1,0,H,,,,,,,,,,,,S_1995_1996,
27,27,E0,26/08/95,Tottenham,Liverpool,1,3,A,0,2,A,,,,,,,,,,,,S_1995_1996,
28,28,E0,27/08/95,Sheffield Weds,Newcastle,0,2,A,0,0,D,,,,,,,,,,,,S_1995_1996,
29,29,E0,28/08/95,Blackburn,Man United,1,2,A,0,0,D,,,,,,,,,,,,S_1995_1996,
30,30,E0,29/08/95,Arsenal,Nott'm Forest,1,1,D,1,0,H,,,,,,,,,,,,S_1995_1996,
31,31,E0,30/08/95,Aston Villa,Bolton,1,0,H,0,0,D,,,,,,,,,,,,S_1995_1996,
32,32,E0,30/08/95,Chelsea,Coventry,2,2,D,2,1,H,,,,,,,,,,,,S_1995_1996,
33,33,E0,30/08/95,Liverpool,QPR,1,0,H,1,0,H,,,,,,,,,,,,S_1995_1996,
34,34,E0,30/08/95,Man City,Everton,0,2,A,0,0,D,,,,,,,,,,,,S_1995_1996,
35,35,E0,30/08/95,Newcastle,Middlesbrough,1,0,H,0,0,D,,,,,,,,,,,,S_1995_1996,
36,36,E0,30/08/95,Southampton,Leeds,1,1,D,0,0,D,,,,,,,,,,,,S_1995_1996,
37,37,E0,30/08/95,West Ham,Tottenham,1,1,D,1,0,H,,,,,,,,,,,,S_1995_1996,
38,38,E0,30/08/95,Wimbledon,Sheffield Weds,2,2,D,1,1,D,,,,,,,,,,,,S_1995_1996,
39,39,E0,09/09/95,Blackburn,Aston Villa,1,1,D,0,1,A,,,,,,,,,,,,S_1995_1996,
40,40,E0,09/09/95,Bolton,Middlesbrough,1,1,D,1,0,H,,,,,,,,,,,,S_1995_1996,
41,41,E0,09/09/95,Coventry,Nott'm Forest,1,1,D,1,1,D,,,,,,,,,,,,S_1995_1996,
42,42,E0,09/09/95,Everton,Man United,2,3,A,1,1,D,,,,,,,,,,,,S_1995_1996,
43,43,E0,09/09/95,QPR,Sheffield Weds,0,3,A,0,0,D,,,,,,,,,,,,S_1995_1996,
44,44,E0,09/09/95,Southampton,Newcastle,1,0,H,0,0,D,,,,,,,,,,,,S_1995_1996,
45,45,E0,09/09/95,Tottenham,Leeds,2,1,H,1,0,H,,,,,,,,,,,,S_1995_1996,
46,46,E0,09/09/95,Wimbledon,Liverpool,1,0,H,1,0,H,,,,,,,,,,,,S_1995_1996,
47,47,E0,10/09/95,Man City,Arsenal,0,1,A,0,0,D,,,,,,,,,,,,S_1995_1996,
48,48,E0,11/09/95,West Ham,Chelsea,1,3,A,0,2,A,,,,,,,,,,,,S_1995_1996,
49,49,E0,12/09/95,Middlesbrough,Southampton,0,0,D,0,0,D,,,,,,,,,,,,S_1995_1996,
50,50,E0,16/09/95,Arsenal,West Ham,1,0,H,0,0,D,,,,,,,,,,,,S_1995_1996,
51,51,E0,16/09/95,Aston Villa,Wimbledon,2,0,H,1,0,H,,,,,,,,,,,,S_1995_1996,
52,52,E0,16/09/95,Chelsea,Southampton,3,0,H,0,0,D,,,,,,,,,,,,S_1995_1996,
53,53,E0,16/09/95,Leeds,QPR,1,3,A,0,2,A,,,,,,,,,,,,S_1995_1996,
54,54,E0,16/09/95,Liverpool,Blackburn,3,0,H,3,0,H,,,,,,,,,,,,S_1995_1996,
55,55,E0,16/09/95,Man United,Bolton,3,0,H,2,0,H,,,,,,,,,,,,S_1995_1996,
56,56,E0,16/09/95,Middlesbrough,Coventry,2,1,H,0,0,D,,,,,,,,,,,,S_1995_1996,
57,57,E0,16/09/95,Newcastle,Man City,3,1,H,2,0,H,,,,,,,,,,,,S_1995_1996,
58,58,E0,16/09/95,Sheffield Weds,Tottenham,1,3,A,1,1,D,,,,,,,,,,,,S_1995_1996,
59,59,E0,17/09/95,Nott'm Forest,Everton,3,2,H,2,0,H,,,,,,,,,,,,S_1995_1996,
60,60,E0,23/09/95,Arsenal,Southampton,4,2,H,2,2,D,,,,,,,,,,,,S_1995_1996,
61,61,E0,23/09/95,Aston Villa,Nott'm Forest,1,1,D,0,0,D,,,,,,,,,,,,S_1995_1996,
62,62,E0,23/09/95,Blackburn,Coventry,5,1,H,2,1,H,,,,,,,,,,,,S_1995_1996,
63,63,E0,23/09/95,Liverpool,Bolton,5,2,H,2,0,H,,,,,,,,,,,,S_1995_1996,
64,64,E0,23/09/95,Man City,Middlesbrough,0,1,A,0,1,A,,,,,,,,,,,,S_1995_1996,
65,65,E0,23/09/95,Sheffield Weds,Man United,0,0,D,0,0,D,,,,,,,,,,,,S_1995_1996,
66,66,E0,23/09/95,West Ham,Everton,2,1,H,2,1,H,,,,,,,,,,,,S_1995_1996,
67,67,E0,23/09/95,Wimbledon,Leeds,2,4,A,1,3,A,,,,,,,,,,,,S_1995_1996,
68,68,E0,24/09/95,Newcastle,Chelsea,2,0,H,1,0,H,,,,,,,,,,,,S_1995_1996,
69,69,E0,25/09/95,QPR,Tottenham,2,3,A,1,0,H,,,,,,,,,,,,S_1995_1996,
70,70,E0,30/09/95,Bolton,QPR,0,1,A,0,0,D,,,,,,,,,,,,S_1995_1996,
71,71,E0,30/09/95,Chelsea,Arsenal,1,0,H,0,0,D,,,,,,,,,,,,S_1995_1996,
72,72,E0,30/09/95,Coventry,Aston Villa,0,3,A,0,1,A,,,,,,,,,,,,S_1995_1996,
73,73,E0,30/09/95,Leeds,Sheffield Weds,2,0,H,1,0,H,,,,,,,,,,,,S_1995_1996,
74,74,E0,30/09/95,Middlesbrough,Blackburn,2,0,H,1,0,H,,,,,,,,,,,,S_1995_1996,
75,75,E0,30/09/95,Nott'm Forest,Man City,3,0,H,1,0,H,,,,,,,,,,,,S_1995_1996,
76,76,E0,30/09/95,Tottenham,Wimbledon,3,1,H,2,1,H,,,,,,,,,,,,S_1995_1996,
77,77,E0,01/10/95,Everton,Newcastle,1,3,A,0,1,A,,,,,,,,,,,,S_1995_1996,
78,78,E0,01/10/95,Man United,Liverpool,2,2,D,1,1,D,,,,,,,,,,,,S_1995_1996,
79,79,E0,02/10/95,Southampton,West Ham,0,0,D,0,0,D,,,,,,,,,,,,S_1995_1996,
80,80,E0,14/10/95,Aston Villa,Chelsea,0,1,A,0,0,D,,,,,,,,,,,,S_1995_1996,
81,81,E0,14/10/95,Blackburn,Southampton,2,1,H,1,0,H,,,,,,,,,,,,S_1995_1996,
82,82,E0,14/10/95,Bolton,Everton,1,1,D,1,0,H,,,,,,,,,,,,S_1995_1996,
83,83,E0,14/10/95,Leeds,Arsenal,0,3,A,0,1,A,,,,,,,,,,,,S_1995_1996,
84,84,E0,14/10/95,Liverpool,Coventry,0,0,D,0,0,D,,,,,,,,,,,,S_1995_1996,
85,85,E0,14/10/95,Man United,Man City,1,0,H,1,0,H,,,,,,,,,,,,S_1995_1996,
86,86,E0,14/10/95,QPR,Newcastle,2,3,A,1,0,H,,,,,,,,,,,,S_1995_1996,
87,87,E0,14/10/95,Tottenham,Nott'm Forest,0,1,A,0,0,D,,,,,,,,,,,,S_1995_1996,
88,88,E0,15/10/95,Sheffield Weds,Middlesbrough,0,1,A,0,0,D,,,,,,,,,,,,S_1995_1996,
89,89,E0,16/10/95,Wimbledon,West Ham,0,1,A,0,1,A,,,,,,,,,,,,S_1995_1996,
90,90,E0,21/10/95,Arsenal,Aston Villa,2,0,H,0,0,D,,,,,,,,,,,,S_1995_1996,
91,91,E0,21/10/95,Chelsea,Man United,1,4,A,0,2,A,,,,,,,,,,,,S_1995_1996,
92,92,E0,21/10/95,Coventry,Sheffield Weds,0,1,A,0,1,A,,,,,,,,,,,,S_1995_1996,
93,93,E0,21/10/95,Man City,Leeds,0,0,D,0,0,D,,,,,,,,,,,,S_1995_1996,
94,94,E0,21/10/95,Middlesbrough,QPR,1,0,H,1,0,H,,,,,,,,,,,,S_1995_1996,
95,95,E0,21/10/95,Newcastle,Wimbledon,6,1,H,3,0,H,,,,,,,,,,,,S_1995_1996,
96,96,E0,21/10/95,Nott'm Forest,Bolton,3,2,H,1,1,D,,,,,,,,,,,,S_1995_1996,
97,97,E0,21/10/95,West Ham,Blackburn,1,1,D,1,0,H,,,,,,,,,,,,S_1995_1996,
98,98,E0,22/10/95,Everton,Tottenham,1,1,D,1,1,D,,,,,,,,,,,,S_1995_1996,
99,99,E0,22/10/95,Southampton,Liverpool,1,3,A,1,1,D,,,,,,,,,,,,S_1995_1996,
100,100,E0,28/10/95,Aston Villa,Everton,1,0,H,0,0,D,,,,,,,,,,,,S_1995_1996,
101,101,E0,28/10/95,Blackburn,Chelsea,3,0,H,1,0,H,,,,,,,,,,,,S_1995_1996,
102,102,E0,28/10/95,Leeds,Coventry,3,1,H,2,1,H,,,,,,,,,,,,S_1995_1996,
103,103,E0,28/10/95,Liverpool,Man City,6,0,H,2,0,H,,,,,,,,,,,,S_1995_1996,
104,104,E0,28/10/95,Man United,Middlesbrough,2,0,H,1,0,H,,,,,,,,,,,,S_1995_1996,
105,105,E0,28/10/95,QPR,Nott'm Forest,1,1,D,0,0,D,,,,,,,,,,,,S_1995_1996,
106,106,E0,28/10/95,Sheffield Weds,West Ham,0,1,A,0,1,A,,,,,,,,,,,,S_1995_1996,
107,107,E0,28/10/95,Wimbledon,Southampton,1,2,A,0,1,A,,,,,,,,,,,,S_1995_1996,
108,108,E0,29/10/95,Tottenham,Newcastle,1,1,D,1,0,H,,,,,,,,,,,,S_1995_1996,
109,109,E0,30/10/95,Bolton,Arsenal,1,0,H,1,0,H,,,,,,,,,,,,S_1995_1996,
110,110,E0,04/11/95,Arsenal,Man United,1,0,H,1,0,H,,,,,,,,,,,,S_1995_1996,
111,111,E0,04/11/95,Chelsea,Sheffield Weds,0,0,D,0,0,D,,,,,,,,,,,,S_1995_1996,
112,112,E0,04/11/95,Coventry,Tottenham,2,3,A,1,2,A,,,,,,,,,,,,S_1995_1996,
113,113,E0,04/11/95,Man City,Bolton,1,0,H,1,0,H,,,,,,,,,,,,S_1995_1996,
114,114,E0,04/11/95,Middlesbrough,Leeds,1,1,D,1,1,D,,,,,,,,,,,,S_1995_1996,
115,115,E0,04/11/95,Newcastle,Liverpool,2,1,H,1,1,D,,,,,,,,,,,,S_1995_1996,
116,116,E0,04/11/95,Southampton,QPR,2,0,H,1,0,H,,,,,,,,,,,,S_1995_1996,
117,117,E0,04/11/95,West Ham,Aston Villa,1,4,A,0,1,A,,,,,,,,,,,,S_1995_1996,
118,118,E0,05/11/95,Everton,Blackburn,1,0,H,1,0,H,,,,,,,,,,,,S_1995_1996,
119,119,E0,06/11/95,Nott'm Forest,Wimbledon,4,1,H,2,1,H,,,,,,,,,,,,S_1995_1996,
120,120,E0,08/11/95,Newcastle,Blackburn,1,0,H,1,0,H,,,,,,,,,,,,S_1995_1996,
121,121,E0,18/11/95,Aston Villa,Newcastle,1,1,D,1,0,H,,,,,,,,,,,,S_1995_1996,
122,122,E0,18/11/95,Blackburn,Nott'm Forest,7,0,H,2,0,H,,,,,,,,,,,,S_1995_1996,
123,123,E0,18/11/95,Bolton,West Ham,0,3,A,0,0,D,,,,,,,,,,,,S_1995_1996,
124,124,E0,18/11/95,Leeds,Chelsea,1,0,H,0,0,D,,,,,,,,,,,,S_1995_1996,
125,125,E0,18/11/95,Liverpool,Everton,1,2,A,0,0,D,,,,,,,,,,,,S_1995_1996,
126,126,E0,18/11/95,Man United,Southampton,4,1,H,3,0,H,,,,,,,,,,,,S_1995_1996,
127,127,E0,18/11/95,Sheffield Weds,Man City,1,1,D,1,0,H,,,,,,,,,,,,S_1995_1996,
128,128,E0,18/11/95,Tottenham,Arsenal,2,1,H,1,1,D,,,,,,,,,,,,S_1995_1996,
129,129,E0,18/11/95,Wimbledon,Middlesbrough,0,0,D,0,0,D,,,,,,,,,,,,S_1995_1996,
130,130,E0,19/11/95,QPR,Coventry,1,1,D,1,0,H,,,,,,,,,,,,S_1995_1996,
131,131,E0,20/11/95,Southampton,Aston Villa,0,1,A,0,1,A,,,,,,,,,,,,S_1995_1996,
132,132,E0,21/11/95,Arsenal,Sheffield Weds,4,2,H,1,2,A,,,,,,,,,,,,S_1995_1996,
133,133,E0,21/11/95,Middlesbrough,Tottenham,0,1,A,0,0,D,,,,,,,,,,,,S_1995_1996,
134,134,E0,22/11/95,Chelsea,Bolton,3,2,H,1,1,D,,,,,,,,,,,,S_1995_1996,
135,135,E0,22/11/95,Coventry,Man United,0,4,A,0,1,A,,,,,,,,,,,,S_1995_1996,
136,136,E0,22/11/95,Everton,QPR,2,0,H,2,0,H,,,,,,,,,,,,S_1995_1996,
137,137,E0,22/11/95,Man City,Wimbledon,1,0,H,0,0,D,,,,,,,,,,,,S_1995_1996,
138,138,E0,22/11/95,West Ham,Liverpool,0,0,D,0,0,D,,,,,,,,,,,,S_1995_1996,
139,139,E0,25/11/95,Chelsea,Tottenham,0,0,D,0,0,D,,,,,,,,,,,,S_1995_1996,
140,140,E0,25/11/95,Coventry,Wimbledon,3,3,D,1,2,A,,,,,,,,,,,,S_1995_1996,
141,141,E0,25/11/95,Everton,Sheffield Weds,2,2,D,1,2,A,,,,,,,,,,,,S_1995_1996,
142,142,E0,25/11/95,Man City,Aston Villa,1,0,H,0,0,D,,,,,,,,,,,,S_1995_1996,
143,143,E0,25/11/95,Middlesbrough,Liverpool,2,1,H,1,0,H,,,,,,,,,,,,S_1995_1996,
144,144,E0,25/11/95,Newcastle,Leeds,2,1,H,0,1,A,,,,,,,,,,,,S_1995_1996,
145,145,E0,25/11/95,Southampton,Bolton,1,0,H,0,0,D,,,,,,,,,,,,S_1995_1996,
146,146,E0,25/11/95,West Ham,QPR,1,0,H,0,0,D,,,,,,,,,,,,S_1995_1996,
147,147,E0,26/11/95,Arsenal,Blackburn,0,0,D,0,0,D,,,,,,,,,,,,S_1995_1996,
148,148,E0,27/11/95,Nott'm Forest,Man United,1,1,D,1,0,H,,,,,,,,,,,,S_1995_1996,
149,149,E0,02/12/95,Aston Villa,Arsenal,1,1,D,0,0,D,,,,,,,,,,,,S_1995_1996,
150,150,E0,02/12/95,Blackburn,West Ham,4,2,H,3,0,H,,,,,,,,,,,,S_1995_1996,
151,151,E0,02/12/95,Bolton,Nott'm Forest,1,1,D,0,0,D,,,,,,,,,,,,S_1995_1996,
152,152,E0,02/12/95,Leeds,Man City,0,1,A,0,0,D,,,,,,,,,,,,S_1995_1996,
153,153,E0,02/12/95,Liverpool,Southampton,1,1,D,0,0,D,,,,,,,,,,,,S_1995_1996,
154,154,E0,02/12/95,Man United,Chelsea,1,1,D,0,0,D,,,,,,,,,,,,S_1995_1996,
155,155,E0,02/12/95,QPR,Middlesbrough,1,1,D,1,1,D,,,,,,,,,,,,S_1995_1996,
156,156,E0,02/12/95,Tottenham,Everton,0,0,D,0,0,D,,,,,,,,,,,,S_1995_1996,
157,157,E0,03/12/95,Wimbledon,Newcastle,3,3,D,2,3,A,,,,,,,,,,,,S_1995_1996,
158,158,E0,04/12/95,Sheffield Weds,Coventry,4,3,H,2,2,D,,,,,,,,,,,,S_1995_1996,
159,159,E0,09/12/95,Bolton,Liverpool,0,1,A,0,0,D,,,,,,,,,,,,S_1995_1996,
160,160,E0,09/12/95,Chelsea,Newcastle,1,0,H,1,0,H,,,,,,,,,,,,S_1995_1996,
161,161,E0,09/12/95,Coventry,Blackburn,5,0,H,1,0,H,,,,,,,,,,,,S_1995_1996,
162,162,E0,09/12/95,Leeds,Wimbledon,1,1,D,0,1,A,,,,,,,,,,,,S_1995_1996,
163,163,E0,09/12/95,Man United,Sheffield Weds,2,2,D,1,0,H,,,,,,,,,,,,S_1995_1996,
164,164,E0,09/12/95,Middlesbrough,Man City,4,1,H,1,1,D,,,,,,,,,,,,S_1995_1996,
165,165,E0,09/12/95,Southampton,Arsenal,0,0,D,0,0,D,,,,,,,,,,,,S_1995_1996,
166,166,E0,09/12/95,Tottenham,QPR,1,0,H,1,0,H,,,,,,,,,,,,S_1995_1996,
167,167,E0,10/12/95,Nott'm Forest,Aston Villa,1,1,D,0,0,D,,,,,,,,,,,,S_1995_1996,
168,168,E0,11/12/95,Everton,West Ham,3,0,H,2,0,H,,,,,,,,,,,,S_1995_1996,
169,169,E0,16/12/95,Arsenal,Chelsea,1,1,D,0,1,A,,,,,,,,,,,,S_1995_1996,
170,170,E0,16/12/95,Aston Villa,Coventry,4,1,H,1,0,H,,,,,,,,,,,,S_1995_1996,
171,171,E0,16/12/95,Blackburn,Middlesbrough,1,0,H,1,0,H,,,,,,,,,,,,S_1995_1996,
172,172,E0,16/12/95,Newcastle,Everton,1,0,H,1,0,H,,,,,,,,,,,,S_1995_1996,
173,173,E0,16/12/95,QPR,Bolton,2,1,H,1,1,D,,,,,,,,,,,,S_1995_1996,
174,174,E0,16/12/95,Sheffield Weds,Leeds,6,2,H,3,1,H,,,,,,,,,,,,S_1995_1996,
175,175,E0,16/12/95,West Ham,Southampton,2,1,H,0,1,A,,,,,,,,,,,,S_1995_1996,
176,176,E0,16/12/95,Wimbledon,Tottenham,0,1,A,0,0,D,,,,,,,,,,,,S_1995_1996,
177,177,E0,17/12/95,Liverpool,Man United,2,0,H,1,0,H,,,,,,,,,,,,S_1995_1996,
178,178,E0,18/12/95,Man City,Nott'm Forest,1,1,D,1,0,H,,,,,,,,,,,,S_1995_1996,
179,179,E0,23/12/95,Coventry,Everton,2,1,H,0,0,D,,,,,,,,,,,,S_1995_1996,
180,180,E0,23/12/95,Liverpool,Arsenal,3,1,H,1,1,D,,,,,,,,,,,,S_1995_1996,
181,181,E0,23/12/95,Man City,Chelsea,0,1,A,0,0,D,,,,,,,,,,,,S_1995_1996,
182,182,E0,23/12/95,Middlesbrough,West Ham,4,2,H,3,0,H,,,,,,,,,,,,S_1995_1996,
183,183,E0,23/12/95,Newcastle,Nott'm Forest,3,1,H,2,1,H,,,,,,,,,,,,S_1995_1996,
184,184,E0,23/12/95,QPR,Aston Villa,1,0,H,0,0,D,,,,,,,,,,,,S_1995_1996,
185,185,E0,23/12/95,Sheffield Weds,Southampton,2,2,D,1,1,D,,,,,,,,,,,,S_1995_1996,
186,186,E0,23/12/95,Tottenham,Bolton,2,2,D,1,0,H,,,,,,,,,,,,S_1995_1996,
187,187,E0,23/12/95,Wimbledon,Blackburn,1,1,D,0,1,A,,,,,,,,,,,,S_1995_1996,
188,188,E0,24/12/95,Leeds,Man United,3,1,H,2,1,H,,,,,,,,,,,,S_1995_1996,
189,189,E0,26/12/95,Arsenal,QPR,3,0,H,1,0,H,,,,,,,,,,,,S_1995_1996,
190,190,E0,26/12/95,Blackburn,Man City,2,0,H,1,0,H,,,,,,,,,,,,S_1995_1996,
191,191,E0,26/12/95,Chelsea,Wimbledon,1,2,A,1,2,A,,,,,,,,,,,,S_1995_1996,
192,192,E0,26/12/95,Everton,Middlesbrough,4,0,H,2,0,H,,,,,,,,,,,,S_1995_1996,
193,193,E0,26/12/95,Nott'm Forest,Sheffield Weds,1,0,H,1,0,H,,,,,,,,,,,,S_1995_1996,
194,194,E0,26/12/95,Southampton,Tottenham,0,0,D,0,0,D,,,,,,,,,,,,S_1995_1996,
195,195,E0,27/12/95,Bolton,Leeds,0,2,A,0,1,A,,,,,,,,,,,,S_1995_1996,
196,196,E0,27/12/95,Man United,Newcastle,2,0,H,1,0,H,,,,,,,,,,,,S_1995_1996,
197,197,E0,30/12/95,Arsenal,Wimbledon,1,3,A,1,1,D,,,,,,,,,,,,S_1995_1996,
198,198,E0,30/12/95,Blackburn,Tottenham,2,1,H,2,0,H,,,,,,,,,,,,S_1995_1996,
199,199,E0,30/12/95,Bolton,Coventry,1,2,A,1,1,D,,,,,,,,,,,,S_1995_1996,
200,200,E0,30/12/95,Chelsea,Liverpool,2,2,D,2,1,H,,,,,,,,,,,,S_1995_1996,
201,201,E0,30/12/95,Everton,Leeds,2,0,H,2,0,H,,,,,,,,,,,,S_1995_1996,
202,202,E0,30/12/95,Man United,QPR,2,1,H,1,0,H,,,,,,,,,,,,S_1995_1996,
203,203,E0,30/12/95,Nott'm Forest,Middlesbrough,1,0,H,1,0,H,,,,,,,,,,,,S_1995_1996,
204,204,E0,01/01/96,Coventry,Southampton,1,1,D,0,0,D,,,,,,,,,,,,S_1995_1996,
205,205,E0,01/01/96,Leeds,Blackburn,0,0,D,0,0,D,,,,,,,,,,,,S_1995_1996,
206,206,E0,01/01/96,Liverpool,Nott'm Forest,4,2,H,2,2,D,,,,,,,,,,,,S_1995_1996,
207,207,E0,01/01/96,Man City,West Ham,2,1,H,1,0,H,,,,,,,,,,,,S_1995_1996,
208,208,E0,01/01/96,Middlesbrough,Aston Villa,0,2,A,0,2,A,,,,,,,,,,,,S_1995_1996,
209,209,E0,01/01/96,Sheffield Weds,Bolton,4,2,H,2,0,H,,,,,,,,,,,,S_1995_1996,
210,210,E0,01/01/96,Tottenham,Man United,4,1,H,2,1,H,,,,,,,,,,,,S_1995_1996,
211,211,E0,01/01/96,Wimbledon,Everton,2,3,A,0,3,A,,,,,,,,,,,,S_1995_1996,
212,212,E0,02/01/96,Newcastle,Arsenal,2,0,H,1,0,H,,,,,,,,,,,,S_1995_1996,
213,213,E0,02/01/96,QPR,Chelsea,1,2,A,0,0,D,,,,,,,,,,,,S_1995_1996,
214,214,E0,13/01/96,Bolton,Wimbledon,1,0,H,1,0,H,,,,,,,,,,,,S_1995_1996,
215,215,E0,13/01/96,Everton,Chelsea,1,1,D,1,1,D,,,,,,,,,,,,S_1995_1996,
216,216,E0,13/01/96,Leeds,West Ham,2,0,H,1,0,H,,,,,,,,,,,,S_1995_1996,
217,217,E0,13/01/96,Man United,Aston Villa,0,0,D,0,0,D,,,,,,,,,,,,S_1995_1996,
218,218,E0,13/01/96,Middlesbrough,Arsenal,2,3,A,1,1,D,,,,,,,,,,,,S_1995_1996,
219,219,E0,13/01/96,Nott'm Forest,Southampton,1,0,H,1,0,H,,,,,,,,,,,,S_1995_1996,
220,220,E0,13/01/96,QPR,Blackburn,0,1,A,0,0,D,,,,,,,,,,,,S_1995_1996,
221,221,E0,13/01/96,Sheffield Weds,Liverpool,1,1,D,1,0,H,,,,,,,,,,,,S_1995_1996,
222,222,E0,13/01/96,Tottenham,Man City,1,0,H,0,0,D,,,,,,,,,,,,S_1995_1996,
223,223,E0,14/01/96,Coventry,Newcastle,0,1,A,0,1,A,,,,,,,,,,,,S_1995_1996,
224,224,E0,20/01/96,Arsenal,Everton,1,2,A,1,0,H,,,,,,,,,,,,S_1995_1996,
225,225,E0,20/01/96,Blackburn,Sheffield Weds,3,0,H,2,0,H,,,,,,,,,,,,S_1995_1996,
226,226,E0,20/01/96,Chelsea,Nott'm Forest,1,0,H,0,0,D,,,,,,,,,,,,S_1995_1996,
227,227,E0,20/01/96,Liverpool,Leeds,5,0,H,1,0,H,,,,,,,,,,,,S_1995_1996,
228,228,E0,20/01/96,Man City,Coventry,1,1,D,0,0,D,,,,,,,,,,,,S_1995_1996,
229,229,E0,20/01/96,Newcastle,Bolton,2,1,H,2,1,H,,,,,,,,,,,,S_1995_1996,
230,230,E0,20/01/96,Southampton,Middlesbrough,2,1,H,0,1,A,,,,,,,,,,,,S_1995_1996,
231,231,E0,20/01/96,Wimbledon,QPR,2,1,H,1,0,H,,,,,,,,,,,,S_1995_1996,
232,232,E0,21/01/96,Aston Villa,Tottenham,2,1,H,1,1,D,,,,,,,,,,,,S_1995_1996,
233,233,E0,23/01/96,West Ham,Man United,0,1,A,0,1,A,,,,,,,,,,,,S_1995_1996,
234,234,E0,31/01/96,Aston Villa,Liverpool,0,2,A,0,0,D,,,,,,,,,,,,S_1995_1996,
235,235,E0,31/01/96,Nott'm Forest,Leeds,2,1,H,1,0,H,,,,,,,,,,,,S_1995_1996,
236,236,E0,31/01/96,Southampton,Man City,1,1,D,0,0,D,,,,,,,,,,,,S_1995_1996,
237,237,E0,31/01/96,West Ham,Coventry,3,2,H,0,0,D,,,,,,,,,,,,S_1995_1996,
238,238,E0,03/02/96,Arsenal,Coventry,1,1,D,1,1,D,,,,,,,,,,,,S_1995_1996,
239,239,E0,03/02/96,Aston Villa,Leeds,3,0,H,2,0,H,,,,,,,,,,,,S_1995_1996,
240,240,E0,03/02/96,Blackburn,Bolton,3,1,H,1,1,D,,,,,,,,,,,,S_1995_1996,
241,241,E0,03/02/96,Liverpool,Tottenham,0,0,D,0,0,D,,,,,,,,,,,,S_1995_1996,
242,242,E0,03/02/96,Man City,QPR,2,0,H,1,0,H,,,,,,,,,,,,S_1995_1996,
243,243,E0,03/02/96,Newcastle,Sheffield Weds,2,0,H,0,0,D,,,,,,,,,,,,S_1995_1996,
244,244,E0,03/02/96,Southampton,Everton,2,2,D,0,0,D,,,,,,,,,,,,S_1995_1996,
245,245,E0,03/02/96,West Ham,Nott'm Forest,1,0,H,1,0,H,,,,,,,,,,,,S_1995_1996,
246,246,E0,03/02/96,Wimbledon,Man United,2,4,A,0,2,A,,,,,,,,,,,,S_1995_1996,
247,247,E0,04/02/96,Chelsea,Middlesbrough,5,0,H,3,0,H,,,,,,,,,,,,S_1995_1996,
248,248,E0,10/02/96,Bolton,Aston Villa,0,2,A,0,1,A,,,,,,,,,,,,S_1995_1996,
249,249,E0,10/02/96,Coventry,Chelsea,1,0,H,1,0,H,,,,,,,,,,,,S_1995_1996,
250,250,E0,10/02/96,Everton,Man City,2,0,H,1,0,H,,,,,,,,,,,,S_1995_1996,
251,251,E0,10/02/96,Man United,Blackburn,1,0,H,1,0,H,,,,,,,,,,,,S_1995_1996,
252,252,E0,10/02/96,Middlesbrough,Newcastle,1,2,A,1,0,H,,,,,,,,,,,,S_1995_1996,
253,253,E0,10/02/96,Nott'm Forest,Arsenal,0,1,A,0,0,D,,,,,,,,,,,,S_1995_1996,
254,254,E0,10/02/96,Sheffield Weds,Wimbledon,2,1,H,0,0,D,,,,,,,,,,,,S_1995_1996,
255,255,E0,11/02/96,QPR,Liverpool,1,2,A,0,2,A,,,,,,,,,,,,S_1995_1996,
256,256,E0,12/02/96,Tottenham,West Ham,0,1,A,0,1,A,,,,,,,,,,,,S_1995_1996,
257,257,E0,17/02/96,Chelsea,West Ham,1,2,A,1,0,H,,,,,,,,,,,,S_1995_1996,
258,258,E0,17/02/96,Middlesbrough,Bolton,1,4,A,1,2,A,,,,,,,,,,,,S_1995_1996,
259,259,E0,17/02/96,Sheffield Weds,QPR,1,3,A,1,1,D,,,,,,,,,,,,S_1995_1996,
260,260,E0,21/02/96,Man United,Everton,2,0,H,1,0,H,,,,,,,,,,,,S_1995_1996,
261,261,E0,21/02/96,West Ham,Newcastle,2,0,H,1,0,H,,,,,,,,,,,,S_1995_1996,
262,262,E0,24/02/96,Blackburn,Liverpool,2,3,A,1,2,A,,,,,,,,,,,,S_1995_1996,
263,263,E0,24/02/96,Coventry,Middlesbrough,0,0,D,0,0,D,,,,,,,,,,,,S_1995_1996,
264,264,E0,24/02/96,Everton,Nott'm Forest,3,0,H,0,0,D,,,,,,,,,,,,S_1995_1996,
265,265,E0,24/02/96,Man City,Newcastle,3,3,D,1,1,D,,,,,,,,,,,,S_1995_1996,
266,266,E0,24/02/96,Southampton,Chelsea,2,3,A,2,2,D,,,,,,,,,,,,S_1995_1996,
267,267,E0,24/02/96,Tottenham,Sheffield Weds,1,0,H,1,0,H,,,,,,,,,,,,S_1995_1996,
268,268,E0,24/02/96,West Ham,Arsenal,0,1,A,0,1,A,,,,,,,,,,,,S_1995_1996,
269,269,E0,24/02/96,Wimbledon,Aston Villa,3,3,D,1,1,D,,,,,,,,,,,,S_1995_1996,
270,270,E0,25/02/96,Bolton,Man United,0,6,A,0,2,A,,,,,,,,,,,,S_1995_1996,
271,271,E0,28/02/96,Aston Villa,Blackburn,2,0,H,0,0,D,,,,,,,,,,,,S_1995_1996,
272,272,E0,02/03/96,Coventry,West Ham,2,2,D,2,2,D,,,,,,,,,,,,S_1995_1996,
273,273,E0,02/03/96,Leeds,Bolton,0,1,A,0,1,A,,,,,,,,,,,,S_1995_1996,
274,274,E0,02/03/96,Man City,Blackburn,1,1,D,0,0,D,,,,,,,,,,,,S_1995_1996,
275,275,E0,02/03/96,Middlesbrough,Everton,0,2,A,0,2,A,,,,,,,,,,,,S_1995_1996,
276,276,E0,02/03/96,QPR,Arsenal,1,1,D,1,0,H,,,,,,,,,,,,S_1995_1996,
277,277,E0,02/03/96,Sheffield Weds,Nott'm Forest,1,3,A,0,1,A,,,,,,,,,,,,S_1995_1996,
278,278,E0,02/03/96,Tottenham,Southampton,1,0,H,0,0,D,,,,,,,,,,,,S_1995_1996,
279,279,E0,02/03/96,Wimbledon,Chelsea,1,1,D,1,1,D,,,,,,,,,,,,S_1995_1996,
280,280,E0,03/03/96,Liverpool,Aston Villa,3,0,H,3,0,H,,,,,,,,,,,,S_1995_1996,
281,281,E0,04/03/96,Newcastle,Man United,0,1,A,0,0,D,,,,,,,,,,,,S_1995_1996,
282,282,E0,05/03/96,Arsenal,Man City,3,1,H,2,0,H,,,,,,,,,,,,S_1995_1996,
283,283,E0,06/03/96,Aston Villa,Sheffield Weds,3,2,H,0,1,A,,,,,,,,,,,,S_1995_1996,
284,284,E0,06/03/96,QPR,Leeds,1,2,A,1,2,A,,,,,,,,,,,,S_1995_1996,
285,285,E0,09/03/96,Aston Villa,QPR,4,2,H,1,0,H,,,,,,,,,,,,S_1995_1996,
286,286,E0,09/03/96,Everton,Coventry,2,2,D,2,1,H,,,,,,,,,,,,S_1995_1996,
287,287,E0,09/03/96,West Ham,Middlesbrough,2,0,H,1,0,H,,,,,,,,,,,,S_1995_1996,
288,288,E0,12/03/96,Chelsea,Man City,1,1,D,1,1,D,,,,,,,,,,,,S_1995_1996,
289,289,E0,13/03/96,Blackburn,Leeds,1,0,H,0,0,D,,,,,,,,,,,,S_1995_1996,
290,290,E0,13/03/96,Liverpool,Wimbledon,2,2,D,1,0,H,,,,,,,,,,,,S_1995_1996,
291,291,E0,16/03/96,Coventry,Bolton,0,2,A,0,0,D,,,,,,,,,,,,S_1995_1996,
292,292,E0,16/03/96,Liverpool,Chelsea,2,0,H,0,0,D,,,,,,,,,,,,S_1995_1996,
293,293,E0,16/03/96,Man City,Southampton,2,1,H,2,0,H,,,,,,,,,,,,S_1995_1996,
294,294,E0,16/03/96,Middlesbrough,Nott'm Forest,1,1,D,0,0,D,,,,,,,,,,,,S_1995_1996,
295,295,E0,16/03/96,QPR,Man United,1,1,D,0,0,D,,,,,,,,,,,,S_1995_1996,
296,296,E0,16/03/96,Sheffield Weds,Aston Villa,2,0,H,0,0,D,,,,,,,,,,,,S_1995_1996,
297,297,E0,16/03/96,Tottenham,Blackburn,2,3,A,0,2,A,,,,,,,,,,,,S_1995_1996,
298,298,E0,16/03/96,Wimbledon,Arsenal,0,3,A,0,0,D,,,,,,,,,,,,S_1995_1996,
299,299,E0,17/03/96,Leeds,Everton,2,2,D,2,1,H,,,,,,,,,,,,S_1995_1996,
300,300,E0,18/03/96,Newcastle,West Ham,3,0,H,1,0,H,,,,,,,,,,,,S_1995_1996,
301,301,E0,19/03/96,Aston Villa,Middlesbrough,0,0,D,0,0,D,,,,,,,,,,,,S_1995_1996,
302,302,E0,20/03/96,Bolton,Tottenham,2,3,A,0,1,A,,,,,,,,,,,,S_1995_1996,
303,303,E0,20/03/96,Man United,Arsenal,1,0,H,0,0,D,,,,,,,,,,,,S_1995_1996,
304,304,E0,20/03/96,Southampton,Sheffield Weds,0,1,A,0,1,A,,,,,,,,,,,,S_1995_1996,
305,305,E0,23/03/96,Arsenal,Newcastle,2,0,H,2,0,H,,,,,,,,,,,,S_1995_1996,
306,306,E0,23/03/96,Bolton,Sheffield Weds,2,1,H,1,1,D,,,,,,,,,,,,S_1995_1996,
307,307,E0,23/03/96,Chelsea,QPR,1,1,D,1,1,D,,,,,,,,,,,,S_1995_1996,
308,308,E0,23/03/96,Everton,Wimbledon,2,4,A,1,1,D,,,,,,,,,,,,S_1995_1996,
309,309,E0,23/03/96,Nott'm Forest,Liverpool,1,0,H,1,0,H,,,,,,,,,,,,S_1995_1996,
310,310,E0,23/03/96,West Ham,Man City,4,2,H,1,0,H,,,,,,,,,,,,S_1995_1996,
311,311,E0,24/03/96,Man United,Tottenham,1,0,H,0,0,D,,,,,,,,,,,,S_1995_1996,
312,312,E0,25/03/96,Southampton,Coventry,1,0,H,1,0,H,,,,,,,,,,,,S_1995_1996,
313,313,E0,30/03/96,Blackburn,Everton,0,3,A,0,0,D,,,,,,,,,,,,S_1995_1996,
314,314,E0,30/03/96,Bolton,Man City,1,1,D,0,1,A,,,,,,,,,,,,S_1995_1996,
315,315,E0,30/03/96,Leeds,Middlesbrough,0,1,A,0,1,A,,,,,,,,,,,,S_1995_1996,
316,316,E0,30/03/96,QPR,Southampton,3,0,H,1,0,H,,,,,,,,,,,,S_1995_1996,
317,317,E0,30/03/96,Tottenham,Coventry,3,1,H,1,0,H,,,,,,,,,,,,S_1995_1996,
318,318,E0,30/03/96,Wimbledon,Nott'm Forest,1,0,H,0,0,D,,,,,,,,,,,,S_1995_1996,
319,319,E0,03/04/96,Leeds,Southampton,1,0,H,0,0,D,,,,,,,,,,,,S_1995_1996,
320,320,E0,03/04/96,Liverpool,Newcastle,4,3,H,1,2,A,,,,,,,,,,,,S_1995_1996,
321,321,E0,05/04/96,Middlesbrough,Sheffield Weds,3,1,H,0,0,D,,,,,,,,,,,,S_1995_1996,
322,322,E0,06/04/96,Arsenal,Leeds,2,1,H,1,0,H,,,,,,,,,,,,S_1995_1996,
323,323,E0,06/04/96,Chelsea,Aston Villa,1,2,A,1,1,D,,,,,,,,,,,,S_1995_1996,
324,324,E0,06/04/96,Coventry,Liverpool,1,0,H,1,0,H,,,,,,,,,,,,S_1995_1996,
325,325,E0,06/04/96,Everton,Bolton,3,0,H,1,0,H,,,,,,,,,,,,S_1995_1996,
326,326,E0,06/04/96,Man City,Man United,2,3,A,1,2,A,,,,,,,,,,,,S_1995_1996,
327,327,E0,06/04/96,Newcastle,QPR,2,1,H,0,0,D,,,,,,,,,,,,S_1995_1996,
328,328,E0,06/04/96,Nott'm Forest,Tottenham,2,1,H,1,0,H,,,,,,,,,,,,S_1995_1996,
329,329,E0,06/04/96,Southampton,Blackburn,1,0,H,0,0,D,,,,,,,,,,,,S_1995_1996,
330,330,E0,06/04/96,West Ham,Wimbledon,1,1,D,1,1,D,,,,,,,,,,,,S_1995_1996,
331,331,E0,08/04/96,Aston Villa,Southampton,3,0,H,0,0,D,,,,,,,,,,,,S_1995_1996,
332,332,E0,08/04/96,Blackburn,Newcastle,2,1,H,0,0,D,,,,,,,,,,,,S_1995_1996,
333,333,E0,08/04/96,Bolton,Chelsea,2,1,H,2,1,H,,,,,,,,,,,,S_1995_1996,
334,334,E0,08/04/96,Leeds,Nott'm Forest,1,3,A,1,2,A,,,,,,,,,,,,S_1995_1996,
335,335,E0,08/04/96,Liverpool,West Ham,2,0,H,2,0,H,,,,,,,,,,,,S_1995_1996,
336,336,E0,08/04/96,Man United,Coventry,1,0,H,0,0,D,,,,,,,,,,,,S_1995_1996,
337,337,E0,08/04/96,QPR,Everton,3,1,H,2,0,H,,,,,,,,,,,,S_1995_1996,
338,338,E0,08/04/96,Sheffield Weds,Arsenal,1,0,H,0,0,D,,,,,,,,,,,,S_1995_1996,
339,339,E0,08/04/96,Tottenham,Middlesbrough,1,1,D,0,0,D,,,,,,,,,,,,S_1995_1996,
340,340,E0,08/04/96,Wimbledon,Man City,3,0,H,1,0,H,,,,,,,,,,,,S_1995_1996,
341,341,E0,13/04/96,Chelsea,Leeds,4,1,H,3,0,H,,,,,,,,,,,,S_1995_1996,
342,342,E0,13/04/96,Coventry,QPR,1,0,H,0,0,D,,,,,,,,,,,,S_1995_1996,
343,343,E0,13/04/96,Man City,Sheffield Weds,1,0,H,0,0,D,,,,,,,,,,,,S_1995_1996,
344,344,E0,13/04/96,Middlesbrough,Wimbledon,1,2,A,1,1,D,,,,,,,,,,,,S_1995_1996,
345,345,E0,13/04/96,Nott'm Forest,Blackburn,1,5,A,1,3,A,,,,,,,,,,,,S_1995_1996,
346,346,E0,13/04/96,Southampton,Man United,3,1,H,3,0,H,,,,,,,,,,,,S_1995_1996,
347,347,E0,13/04/96,West Ham,Bolton,1,0,H,1,0,H,,,,,,,,,,,,S_1995_1996,
348,348,E0,14/04/96,Newcastle,Aston Villa,1,0,H,0,0,D,,,,,,,,,,,,S_1995_1996,
349,349,E0,15/04/96,Arsenal,Tottenham,0,0,D,0,0,D,,,,,,,,,,,,S_1995_1996,
350,350,E0,16/04/96,Everton,Liverpool,1,1,D,1,0,H,,,,,,,,,,,,S_1995_1996,
351,351,E0,17/04/96,Aston Villa,West Ham,1,1,D,1,0,H,,,,,,,,,,,,S_1995_1996,
352,352,E0,17/04/96,Blackburn,Wimbledon,3,2,H,1,1,D,,,,,,,,,,,,S_1995_1996,
353,353,E0,17/04/96,Man United,Leeds,1,0,H,0,0,D,,,,,,,,,,,,S_1995_1996,
354,354,E0,17/04/96,Newcastle,Southampton,1,0,H,1,0,H,,,,,,,,,,,,S_1995_1996,
355,355,E0,17/04/96,Nott'm Forest,Coventry,0,0,D,0,0,D,,,,,,,,,,,,S_1995_1996,
356,356,E0,17/04/96,Sheffield Weds,Chelsea,0,0,D,0,0,D,,,,,,,,,,,,S_1995_1996,
357,357,E0,27/04/96,Aston Villa,Man City,0,1,A,0,0,D,,,,,,,,,,,,S_1995_1996,
358,358,E0,27/04/96,Blackburn,Arsenal,1,1,D,1,0,H,,,,,,,,,,,,S_1995_1996,
359,359,E0,27/04/96,Bolton,Southampton,0,1,A,0,1,A,,,,,,,,,,,,S_1995_1996,
360,360,E0,27/04/96,Liverpool,Middlesbrough,1,0,H,0,0,D,,,,,,,,,,,,S_1995_1996,
361,361,E0,27/04/96,QPR,West Ham,3,0,H,0,0,D,,,,,,,,,,,,S_1995_1996,
362,362,E0,27/04/96,Sheffield Weds,Everton,2,5,A,1,3,A,,,,,,,,,,,,S_1995_1996,
363,363,E0,27/04/96,Tottenham,Chelsea,1,1,D,0,1,A,,,,,,,,,,,,S_1995_1996,
364,364,E0,27/04/96,Wimbledon,Coventry,0,2,A,0,0,D,,,,,,,,,,,,S_1995_1996,
365,365,E0,28/04/96,Man United,Nott'm Forest,5,0,H,2,0,H,,,,,,,,,,,,S_1995_1996,
366,366,E0,29/04/96,Leeds,Newcastle,0,1,A,0,1,A,,,,,,,,,,,,S_1995_1996,
367,367,E0,01/05/96,Arsenal,Liverpool,0,0,D,0,0,D,,,,,,,,,,,,S_1995_1996,
368,368,E0,02/05/96,Leeds,Tottenham,1,3,A,1,2,A,,,,,,,,,,,,S_1995_1996,
369,369,E0,02/05/96,Nott'm Forest,Newcastle,1,1,D,0,1,A,,,,,,,,,,,,S_1995_1996,
370,370,E0,04/05/96,Arsenal,Bolton,2,1,H,0,0,D,,,,,,,,,,,,S_1995_1996,
371,371,E0,04/05/96,Chelsea,Blackburn,2,3,A,1,1,D,,,,,,,,,,,,S_1995_1996,
372,372,E0,04/05/96,Coventry,Leeds,0,0,D,0,0,D,,,,,,,,,,,,S_1995_1996,
373,373,E0,04/05/96,Everton,Aston Villa,1,0,H,0,0,D,,,,,,,,,,,,S_1995_1996,
374,374,E0,04/05/96,Man City,Liverpool,2,2,D,0,2,A,,,,,,,,,,,,S_1995_1996,
375,375,E0,04/05/96,Middlesbrough,Man United,0,3,A,0,1,A,,,,,,,,,,,,S_1995_1996,
376,376,E0,04/05/96,Newcastle,Tottenham,1,1,D,0,0,D,,,,,,,,,,,,S_1995_1996,
377,377,E0,04/05/96,Nott'm Forest,QPR,3,0,H,1,0,H,,,,,,,,,,,,S_1995_1996,
378,378,E0,04/05/96,Southampton,Wimbledon,0,0,D,0,0,D,,,,,,,,,,,,S_1995_1996,
379,379,E0,04/05/96,West Ham,Sheffield Weds,1,1,D,0,0,D,,,,,,,,,,,,S_1995_1996,
